checkpoint,method,basis,seed,state,extension,dataset,train_resolution,eval_resolution,train_side,eval_side,patch_size,test_count,score,loss,bias_rms_all,bias_max_all,bias_rms_near_r,bias_max_near_r,bias_rms_beyond_train_radius,bias_max_beyond_train_radius
MetricToric/results/v8_tinyimagenet_relative_10k_3seed/checkpoints/tiny-imagenet_reconstruction_relative_2d_table_seed426_holdoutR4_steps10000_h0_b0_cl20_tail0_g0_constant_s0_r0.pt,relative_table,relative_2d_table,426,best,functional,tiny-imagenet,32,32,8,8,4,10000,0.8354970216751099,0.16547514498233795,0.0354781411588192,0.359814316034317,0.0589916855096817,0.27642813324928284,0.0,0.0
MetricToric/results/v8_tinyimagenet_relative_10k_3seed/checkpoints/tiny-imagenet_reconstruction_relative_2d_table_seed426_holdoutR4_steps10000_h0_b0_cl20_tail0_g0_constant_s0_r0.pt,relative_table,relative_2d_table,426,best,no_pos,tiny-imagenet,32,32,8,8,4,10000,0.24326437711715698,0.7600505352020264,0.0,0.0,0.0,0.0,0.0,0.0
MetricToric/results/v8_tinyimagenet_relative_10k_3seed/checkpoints/tiny-imagenet_reconstruction_relative_2d_table_seed426_holdoutR4_steps10000_h0_b0_cl20_tail0_g0_constant_s0_r0.pt,relative_table,relative_2d_table,426,best,table_clamp,tiny-imagenet,32,32,8,8,4,10000,0.8354835510253906,0.165458083152771,0.0354781411588192,0.359814316034317,0.0589916855096817,0.2764281928539276,0.0,0.0
MetricToric/results/v8_tinyimagenet_relative_10k_3seed/checkpoints/tiny-imagenet_reconstruction_relative_2d_table_seed426_holdoutR4_steps10000_h0_b0_cl20_tail0_g0_constant_s0_r0.pt,relative_table,relative_2d_table,426,best,radial_truncate_r4,tiny-imagenet,32,32,8,8,4,10000,0.8351901769638062,0.16578005254268646,0.027529453858733177,0.27642813324928284,0.0589916855096817,0.27642813324928284,0.0,0.0
MetricToric/results/v8_tinyimagenet_relative_10k_3seed/checkpoints/tiny-imagenet_reconstruction_relative_2d_table_seed426_holdoutR4_steps10000_h0_b0_cl20_tail0_g0_constant_s0_r0.pt,relative_table,relative_2d_table,426,best,functional,tiny-imagenet,32,40,8,10,4,10000,0.8055704832077026,0.20224617421627045,0.03124692104756832,0.35179898142814636,0.049244944006204605,0.2391168624162674,0.011051221750676632,0.35179898142814636
MetricToric/results/v8_tinyimagenet_relative_10k_3seed/checkpoints/tiny-imagenet_reconstruction_relative_2d_table_seed426_holdoutR4_steps10000_h0_b0_cl20_tail0_g0_constant_s0_r0.pt,relative_table,relative_2d_table,426,best,no_pos,tiny-imagenet,32,40,8,10,4,10000,0.24697762727737427,0.7823001742362976,0.0,0.0,0.0,0.0,0.0,0.0
MetricToric/results/v8_tinyimagenet_relative_10k_3seed/checkpoints/tiny-imagenet_reconstruction_relative_2d_table_seed426_holdoutR4_steps10000_h0_b0_cl20_tail0_g0_constant_s0_r0.pt,relative_table,relative_2d_table,426,best,table_clamp,tiny-imagenet,32,40,8,10,4,10000,0.8260459303855896,0.1808883398771286,0.02800905890762806,0.3598144054412842,0.0589916855096817,0.2764281928539276,0.0,0.0
MetricToric/results/v8_tinyimagenet_relative_10k_3seed/checkpoints/tiny-imagenet_reconstruction_relative_2d_table_seed426_holdoutR4_steps10000_h0_b0_cl20_tail0_g0_constant_s0_r0.pt,relative_table,relative_2d_table,426,best,radial_truncate_r4,tiny-imagenet,32,40,8,10,4,10000,0.8044358491897583,0.20344780385494232,0.018142875283956528,0.2391168624162674,0.049244944006204605,0.2391168624162674,0.0,0.0
MetricToric/results/v8_tinyimagenet_relative_10k_3seed/checkpoints/tiny-imagenet_reconstruction_relative_2d_table_seed426_holdoutR4_steps10000_h0_b0_cl20_tail0_g0_constant_s0_r0.pt,relative_table,relative_2d_table,426,best,functional,tiny-imagenet,32,48,8,12,4,10000,0.7685716152191162,0.2458086609840393,0.030911661684513092,0.3467654287815094,0.05179267004132271,0.24460408091545105,0.019490161910653114,0.3467654287815094
MetricToric/results/v8_tinyimagenet_relative_10k_3seed/checkpoints/tiny-imagenet_reconstruction_relative_2d_table_seed426_holdoutR4_steps10000_h0_b0_cl20_tail0_g0_constant_s0_r0.pt,relative_table,relative_2d_table,426,best,no_pos,tiny-imagenet,32,48,8,12,4,10000,0.24589383602142334,0.8000626564025879,0.0,0.0,0.0,0.0,0.0,0.0
MetricToric/results/v8_tinyimagenet_relative_10k_3seed/checkpoints/tiny-imagenet_reconstruction_relative_2d_table_seed426_holdoutR4_steps10000_h0_b0_cl20_tail0_g0_constant_s0_r0.pt,relative_table,relative_2d_table,426,best,table_clamp,tiny-imagenet,32,48,8,12,4,10000,0.7820504903793335,0.23131902515888214,0.02313791774213314,0.35981422662734985,0.0589916855096817,0.2764281928539276,0.0,0.0
MetricToric/results/v8_tinyimagenet_relative_10k_3seed/checkpoints/tiny-imagenet_reconstruction_relative_2d_table_seed426_holdoutR4_steps10000_h0_b0_cl20_tail0_g0_constant_s0_r0.pt,relative_table,relative_2d_table,426,best,radial_truncate_r4,tiny-imagenet,32,48,8,12,4,10000,0.7689027786254883,0.24546778202056885,0.01576298661530018,0.24460408091545105,0.05179267004132271,0.24460408091545105,0.0,0.0
MetricToric/results/v8_tinyimagenet_relative_10k_3seed/checkpoints/tiny-imagenet_reconstruction_relative_2d_table_seed426_holdoutR4_steps10000_h0_b0_cl20_tail0_g0_constant_s0_r0.pt,relative_table,relative_2d_table,426,best,functional,tiny-imagenet,32,64,8,16,4,10000,0.6502326726913452,0.4159988760948181,0.031178975477814674,0.3407941460609436,0.05853235349059105,0.24213439226150513,0.026995021849870682,0.3407941460609436
MetricToric/results/v8_tinyimagenet_relative_10k_3seed/checkpoints/tiny-imagenet_reconstruction_relative_2d_table_seed426_holdoutR4_steps10000_h0_b0_cl20_tail0_g0_constant_s0_r0.pt,relative_table,relative_2d_table,426,best,no_pos,tiny-imagenet,32,64,8,16,4,10000,0.2208971381187439,0.9255434274673462,0.0,0.0,0.0,0.0,0.0,0.0
MetricToric/results/v8_tinyimagenet_relative_10k_3seed/checkpoints/tiny-imagenet_reconstruction_relative_2d_table_seed426_holdoutR4_steps10000_h0_b0_cl20_tail0_g0_constant_s0_r0.pt,relative_table,relative_2d_table,426,best,table_clamp,tiny-imagenet,32,64,8,16,4,10000,0.5700369477272034,0.5107812881469727,0.01716684177517891,0.359813928604126,0.0589916855096817,0.2764281928539276,0.0,0.0
MetricToric/results/v8_tinyimagenet_relative_10k_3seed/checkpoints/tiny-imagenet_reconstruction_relative_2d_table_seed426_holdoutR4_steps10000_h0_b0_cl20_tail0_g0_constant_s0_r0.pt,relative_table,relative_2d_table,426,best,radial_truncate_r4,tiny-imagenet,32,64,8,16,4,10000,0.6558572053909302,0.4092835783958435,0.01321698259562254,0.24213439226150513,0.05853235349059105,0.24213439226150513,0.0,0.0
MetricToric/results/v8_tinyimagenet_relative_10k_3seed/checkpoints/tiny-imagenet_reconstruction_relative_2d_table_seed526_holdoutR4_steps10000_h0_b0_cl20_tail0_g0_constant_s0_r0.pt,relative_table,relative_2d_table,526,best,functional,tiny-imagenet,32,32,8,8,4,10000,0.8372153043746948,0.16399741172790527,0.03872217237949371,0.3221163749694824,0.06134267523884773,0.2628554105758667,0.0,0.0
MetricToric/results/v8_tinyimagenet_relative_10k_3seed/checkpoints/tiny-imagenet_reconstruction_relative_2d_table_seed526_holdoutR4_steps10000_h0_b0_cl20_tail0_g0_constant_s0_r0.pt,relative_table,relative_2d_table,526,best,no_pos,tiny-imagenet,32,32,8,8,4,10000,0.2399340271949768,0.7648414969444275,0.0,0.0,0.0,0.0,0.0,0.0
MetricToric/results/v8_tinyimagenet_relative_10k_3seed/checkpoints/tiny-imagenet_reconstruction_relative_2d_table_seed526_holdoutR4_steps10000_h0_b0_cl20_tail0_g0_constant_s0_r0.pt,relative_table,relative_2d_table,526,best,table_clamp,tiny-imagenet,32,32,8,8,4,10000,0.8371931314468384,0.16400526463985443,0.03872217237949371,0.3221163749694824,0.06134267523884773,0.26285549998283386,0.0,0.0
MetricToric/results/v8_tinyimagenet_relative_10k_3seed/checkpoints/tiny-imagenet_reconstruction_relative_2d_table_seed526_holdoutR4_steps10000_h0_b0_cl20_tail0_g0_constant_s0_r0.pt,relative_table,relative_2d_table,526,best,radial_truncate_r4,tiny-imagenet,32,32,8,8,4,10000,0.8369470238685608,0.16430532932281494,0.0286265816539526,0.2628554105758667,0.06134267523884773,0.2628554105758667,0.0,0.0
MetricToric/results/v8_tinyimagenet_relative_10k_3seed/checkpoints/tiny-imagenet_reconstruction_relative_2d_table_seed526_holdoutR4_steps10000_h0_b0_cl20_tail0_g0_constant_s0_r0.pt,relative_table,relative_2d_table,526,best,functional,tiny-imagenet,32,40,8,10,4,10000,0.8074399828910828,0.20052821934223175,0.034645404666662216,0.3160552680492401,0.04986435920000076,0.2362772524356842,0.01294220145791769,0.3160552680492401
MetricToric/results/v8_tinyimagenet_relative_10k_3seed/checkpoints/tiny-imagenet_reconstruction_relative_2d_table_seed526_holdoutR4_steps10000_h0_b0_cl20_tail0_g0_constant_s0_r0.pt,relative_table,relative_2d_table,526,best,no_pos,tiny-imagenet,32,40,8,10,4,10000,0.23477745056152344,0.795801043510437,0.0,0.0,0.0,0.0,0.0,0.0
MetricToric/results/v8_tinyimagenet_relative_10k_3seed/checkpoints/tiny-imagenet_reconstruction_relative_2d_table_seed526_holdoutR4_steps10000_h0_b0_cl20_tail0_g0_constant_s0_r0.pt,relative_table,relative_2d_table,526,best,table_clamp,tiny-imagenet,32,40,8,10,4,10000,0.8297308087348938,0.17720894515514374,0.03057013265788555,0.32211652398109436,0.06134267523884773,0.26285549998283386,0.0,0.0
MetricToric/results/v8_tinyimagenet_relative_10k_3seed/checkpoints/tiny-imagenet_reconstruction_relative_2d_table_seed526_holdoutR4_steps10000_h0_b0_cl20_tail0_g0_constant_s0_r0.pt,relative_table,relative_2d_table,526,best,radial_truncate_r4,tiny-imagenet,32,40,8,10,4,10000,0.8062744140625,0.20175223052501678,0.018371079117059708,0.2362772524356842,0.04986435920000076,0.2362772524356842,0.0,0.0
MetricToric/results/v8_tinyimagenet_relative_10k_3seed/checkpoints/tiny-imagenet_reconstruction_relative_2d_table_seed526_holdoutR4_steps10000_h0_b0_cl20_tail0_g0_constant_s0_r0.pt,relative_table,relative_2d_table,526,best,functional,tiny-imagenet,32,48,8,12,4,10000,0.7717397212982178,0.2424267679452896,0.03432375192642212,0.3122587502002716,0.05166056379675865,0.2453131526708603,0.022711291909217834,0.3122587502002716
MetricToric/results/v8_tinyimagenet_relative_10k_3seed/checkpoints/tiny-imagenet_reconstruction_relative_2d_table_seed526_holdoutR4_steps10000_h0_b0_cl20_tail0_g0_constant_s0_r0.pt,relative_table,relative_2d_table,526,best,no_pos,tiny-imagenet,32,48,8,12,4,10000,0.23648697137832642,0.8097226023674011,0.0,0.0,0.0,0.0,0.0,0.0
MetricToric/results/v8_tinyimagenet_relative_10k_3seed/checkpoints/tiny-imagenet_reconstruction_relative_2d_table_seed526_holdoutR4_steps10000_h0_b0_cl20_tail0_g0_constant_s0_r0.pt,relative_table,relative_2d_table,526,best,table_clamp,tiny-imagenet,32,48,8,12,4,10000,0.7949451804161072,0.21757759153842926,0.02525359019637108,0.3221166729927063,0.06134267896413803,0.26285549998283386,0.0,0.0
MetricToric/results/v8_tinyimagenet_relative_10k_3seed/checkpoints/tiny-imagenet_reconstruction_relative_2d_table_seed526_holdoutR4_steps10000_h0_b0_cl20_tail0_g0_constant_s0_r0.pt,relative_table,relative_2d_table,526,best,radial_truncate_r4,tiny-imagenet,32,48,8,12,4,10000,0.7722510695457458,0.24192972481250763,0.01572278141975403,0.2453131526708603,0.05166056379675865,0.2453131526708603,0.0,0.0
MetricToric/results/v8_tinyimagenet_relative_10k_3seed/checkpoints/tiny-imagenet_reconstruction_relative_2d_table_seed526_holdoutR4_steps10000_h0_b0_cl20_tail0_g0_constant_s0_r0.pt,relative_table,relative_2d_table,526,best,functional,tiny-imagenet,32,64,8,16,4,10000,0.6513004899024963,0.4148286283016205,0.03459231182932854,0.3077653646469116,0.0582195445895195,0.24124643206596375,0.031231902539730072,0.3077653646469116
MetricToric/results/v8_tinyimagenet_relative_10k_3seed/checkpoints/tiny-imagenet_reconstruction_relative_2d_table_seed526_holdoutR4_steps10000_h0_b0_cl20_tail0_g0_constant_s0_r0.pt,relative_table,relative_2d_table,526,best,no_pos,tiny-imagenet,32,64,8,16,4,10000,0.2141980528831482,0.93490070104599,0.0,0.0,0.0,0.0,0.0,0.0
MetricToric/results/v8_tinyimagenet_relative_10k_3seed/checkpoints/tiny-imagenet_reconstruction_relative_2d_table_seed526_holdoutR4_steps10000_h0_b0_cl20_tail0_g0_constant_s0_r0.pt,relative_table,relative_2d_table,526,best,table_clamp,tiny-imagenet,32,64,8,16,4,10000,0.5835453271865845,0.4956825077533722,0.01873653382062912,0.32211676239967346,0.06134267523884773,0.26285549998283386,0.0,0.0
MetricToric/results/v8_tinyimagenet_relative_10k_3seed/checkpoints/tiny-imagenet_reconstruction_relative_2d_table_seed526_holdoutR4_steps10000_h0_b0_cl20_tail0_g0_constant_s0_r0.pt,relative_table,relative_2d_table,526,best,radial_truncate_r4,tiny-imagenet,32,64,8,16,4,10000,0.6591013669967651,0.4056154191493988,0.013146349228918552,0.24124643206596375,0.0582195445895195,0.24124643206596375,0.0,0.0
MetricToric/results/v8_tinyimagenet_relative_10k_3seed/checkpoints/tiny-imagenet_reconstruction_relative_2d_table_seed626_holdoutR4_steps10000_h0_b0_cl20_tail0_g0_constant_s0_r0.pt,relative_table,relative_2d_table,626,best,functional,tiny-imagenet,32,32,8,8,4,10000,0.8411718010902405,0.1592738777399063,0.03935389220714569,0.30308181047439575,0.06280439347028732,0.249940425157547,0.0,0.0
MetricToric/results/v8_tinyimagenet_relative_10k_3seed/checkpoints/tiny-imagenet_reconstruction_relative_2d_table_seed626_holdoutR4_steps10000_h0_b0_cl20_tail0_g0_constant_s0_r0.pt,relative_table,relative_2d_table,626,best,no_pos,tiny-imagenet,32,32,8,8,4,10000,0.23955798149108887,0.7627097964286804,0.0,0.0,0.0,0.0,0.0,0.0
MetricToric/results/v8_tinyimagenet_relative_10k_3seed/checkpoints/tiny-imagenet_reconstruction_relative_2d_table_seed626_holdoutR4_steps10000_h0_b0_cl20_tail0_g0_constant_s0_r0.pt,relative_table,relative_2d_table,626,best,table_clamp,tiny-imagenet,32,32,8,8,4,10000,0.8412060737609863,0.1592116802930832,0.03935389220714569,0.30308181047439575,0.06280439347028732,0.2499404102563858,0.0,0.0
MetricToric/results/v8_tinyimagenet_relative_10k_3seed/checkpoints/tiny-imagenet_reconstruction_relative_2d_table_seed626_holdoutR4_steps10000_h0_b0_cl20_tail0_g0_constant_s0_r0.pt,relative_table,relative_2d_table,626,best,radial_truncate_r4,tiny-imagenet,32,32,8,8,4,10000,0.8408148288726807,0.15962299704551697,0.02930871583521366,0.249940425157547,0.06280439347028732,0.249940425157547,0.0,0.0
MetricToric/results/v8_tinyimagenet_relative_10k_3seed/checkpoints/tiny-imagenet_reconstruction_relative_2d_table_seed626_holdoutR4_steps10000_h0_b0_cl20_tail0_g0_constant_s0_r0.pt,relative_table,relative_2d_table,626,best,functional,tiny-imagenet,32,40,8,10,4,10000,0.8125691413879395,0.19542419910430908,0.035261061042547226,0.29749763011932373,0.05277914181351662,0.2289179116487503,0.012981534004211426,0.29749763011932373
MetricToric/results/v8_tinyimagenet_relative_10k_3seed/checkpoints/tiny-imagenet_reconstruction_relative_2d_table_seed626_holdoutR4_steps10000_h0_b0_cl20_tail0_g0_constant_s0_r0.pt,relative_table,relative_2d_table,626,best,no_pos,tiny-imagenet,32,40,8,10,4,10000,0.23949724435806274,0.7915899753570557,0.0,0.0,0.0,0.0,0.0,0.0
MetricToric/results/v8_tinyimagenet_relative_10k_3seed/checkpoints/tiny-imagenet_reconstruction_relative_2d_table_seed626_holdoutR4_steps10000_h0_b0_cl20_tail0_g0_constant_s0_r0.pt,relative_table,relative_2d_table,626,best,table_clamp,tiny-imagenet,32,40,8,10,4,10000,0.8371071815490723,0.16958923637866974,0.031068865209817886,0.30308178067207336,0.06280439347028732,0.24994060397148132,0.0,0.0
MetricToric/results/v8_tinyimagenet_relative_10k_3seed/checkpoints/tiny-imagenet_reconstruction_relative_2d_table_seed626_holdoutR4_steps10000_h0_b0_cl20_tail0_g0_constant_s0_r0.pt,relative_table,relative_2d_table,626,best,radial_truncate_r4,tiny-imagenet,32,40,8,10,4,10000,0.8114094138145447,0.19664394855499268,0.019444946199655533,0.2289179116487503,0.05277914181351662,0.2289179116487503,0.0,0.0
MetricToric/results/v8_tinyimagenet_relative_10k_3seed/checkpoints/tiny-imagenet_reconstruction_relative_2d_table_seed626_holdoutR4_steps10000_h0_b0_cl20_tail0_g0_constant_s0_r0.pt,relative_table,relative_2d_table,626,best,functional,tiny-imagenet,32,48,8,12,4,10000,0.7742193341255188,0.24007916450500488,0.03497425466775894,0.29402124881744385,0.05549009516835213,0.23746106028556824,0.022736920043826103,0.29402124881744385
MetricToric/results/v8_tinyimagenet_relative_10k_3seed/checkpoints/tiny-imagenet_reconstruction_relative_2d_table_seed626_holdoutR4_steps10000_h0_b0_cl20_tail0_g0_constant_s0_r0.pt,relative_table,relative_2d_table,626,best,no_pos,tiny-imagenet,32,48,8,12,4,10000,0.24169409275054932,0.8048229217529297,0.0,0.0,0.0,0.0,0.0,0.0
MetricToric/results/v8_tinyimagenet_relative_10k_3seed/checkpoints/tiny-imagenet_reconstruction_relative_2d_table_seed626_holdoutR4_steps10000_h0_b0_cl20_tail0_g0_constant_s0_r0.pt,relative_table,relative_2d_table,626,best,table_clamp,tiny-imagenet,32,48,8,12,4,10000,0.8024553060531616,0.2099561095237732,0.025665583088994026,0.3030816614627838,0.06280439347028732,0.24994070827960968,0.0,0.0
MetricToric/results/v8_tinyimagenet_relative_10k_3seed/checkpoints/tiny-imagenet_reconstruction_relative_2d_table_seed626_holdoutR4_steps10000_h0_b0_cl20_tail0_g0_constant_s0_r0.pt,relative_table,relative_2d_table,626,best,radial_truncate_r4,tiny-imagenet,32,48,8,12,4,10000,0.7748191356658936,0.23946893215179443,0.016888288781046867,0.23746106028556824,0.05549009516835213,0.23746106028556824,0.0,0.0
MetricToric/results/v8_tinyimagenet_relative_10k_3seed/checkpoints/tiny-imagenet_reconstruction_relative_2d_table_seed626_holdoutR4_steps10000_h0_b0_cl20_tail0_g0_constant_s0_r0.pt,relative_table,relative_2d_table,626,best,functional,tiny-imagenet,32,64,8,16,4,10000,0.6538744568824768,0.4117233157157898,0.03528899699449539,0.2899286448955536,0.06449083238840103,0.23361612856388092,0.03130869194865227,0.2899286448955536
MetricToric/results/v8_tinyimagenet_relative_10k_3seed/checkpoints/tiny-imagenet_reconstruction_relative_2d_table_seed626_holdoutR4_steps10000_h0_b0_cl20_tail0_g0_constant_s0_r0.pt,relative_table,relative_2d_table,626,best,no_pos,tiny-imagenet,32,64,8,16,4,10000,0.2113596796989441,0.9376134872436523,0.0,0.0,0.0,0.0,0.0,0.0
MetricToric/results/v8_tinyimagenet_relative_10k_3seed/checkpoints/tiny-imagenet_reconstruction_relative_2d_table_seed626_holdoutR4_steps10000_h0_b0_cl20_tail0_g0_constant_s0_r0.pt,relative_table,relative_2d_table,626,best,table_clamp,tiny-imagenet,32,64,8,16,4,10000,0.5957857370376587,0.480575829744339,0.019042206928133965,0.30308160185813904,0.06280439347028732,0.24994021654129028,0.0,0.0
MetricToric/results/v8_tinyimagenet_relative_10k_3seed/checkpoints/tiny-imagenet_reconstruction_relative_2d_table_seed626_holdoutR4_steps10000_h0_b0_cl20_tail0_g0_constant_s0_r0.pt,relative_table,relative_2d_table,626,best,radial_truncate_r4,tiny-imagenet,32,64,8,16,4,10000,0.6617031693458557,0.4024266004562378,0.014562446624040604,0.23361612856388092,0.06449083238840103,0.23361612856388092,0.0,0.0
MetricToric/results/v8_tinyimagenet_dct_top110_10k_3seed_from_relative10k_s426/checkpoints/tiny-imagenet_reconstruction_dct_top110_seed426_holdoutR4_steps10000_h1_b10_cl20_tail0_g0_constant_s0_r0.pt,dct_top110,dct_top110,426,best,functional,tiny-imagenet,32,32,8,8,4,10000,0.8648501634597778,0.13586238026618958,0.05867000296711922,1.4200904369354248,0.1180935725569725,1.4200904369354248,0.022037891671061516,0.12915824353694916
MetricToric/results/v8_tinyimagenet_dct_top110_10k_3seed_from_relative10k_s426/checkpoints/tiny-imagenet_reconstruction_dct_top110_seed426_holdoutR4_steps10000_h1_b10_cl20_tail0_g0_constant_s0_r0.pt,dct_top110,dct_top110,426,best,no_pos,tiny-imagenet,32,32,8,8,4,10000,0.2888314127922058,0.714471697807312,0.0,0.0,0.0,0.0,0.0,0.0
MetricToric/results/v8_tinyimagenet_dct_top110_10k_3seed_from_relative10k_s426/checkpoints/tiny-imagenet_reconstruction_dct_top110_seed426_holdoutR4_steps10000_h1_b10_cl20_tail0_g0_constant_s0_r0.pt,dct_top110,dct_top110,426,best,table_clamp,tiny-imagenet,32,32,8,8,4,10000,0.8648834228515625,0.1358361542224884,0.05867000296711922,1.4200899600982666,0.1180935725569725,1.4200899600982666,0.022037891671061516,0.12915824353694916
MetricToric/results/v8_tinyimagenet_dct_top110_10k_3seed_from_relative10k_s426/checkpoints/tiny-imagenet_reconstruction_dct_top110_seed426_holdoutR4_steps10000_h1_b10_cl20_tail0_g0_constant_s0_r0.pt,dct_top110,dct_top110,426,best,radial_truncate_r4,tiny-imagenet,32,32,8,8,4,10000,0.8662363886833191,0.1344885379076004,0.05511033162474632,1.4200904369354248,0.1180935725569725,1.4200904369354248,0.0,0.0
MetricToric/results/v8_tinyimagenet_dct_top110_10k_3seed_from_relative10k_s426/checkpoints/tiny-imagenet_reconstruction_dct_top110_seed426_holdoutR4_steps10000_h1_b10_cl20_tail0_g0_constant_s0_r0.pt,dct_top110,dct_top110,426,best,functional,tiny-imagenet,32,40,8,10,4,10000,0.8168697357177734,0.19054807722568512,0.05867000296711922,1.179353952407837,0.1431322693824768,1.179353952407837,0.02291886694729328,0.3348303735256195
MetricToric/results/v8_tinyimagenet_dct_top110_10k_3seed_from_relative10k_s426/checkpoints/tiny-imagenet_reconstruction_dct_top110_seed426_holdoutR4_steps10000_h1_b10_cl20_tail0_g0_constant_s0_r0.pt,dct_top110,dct_top110,426,best,no_pos,tiny-imagenet,32,40,8,10,4,10000,0.2882753014564514,0.7395635843276978,0.0,0.0,0.0,0.0,0.0,0.0
MetricToric/results/v8_tinyimagenet_dct_top110_10k_3seed_from_relative10k_s426/checkpoints/tiny-imagenet_reconstruction_dct_top110_seed426_holdoutR4_steps10000_h1_b10_cl20_tail0_g0_constant_s0_r0.pt,dct_top110,dct_top110,426,best,table_clamp,tiny-imagenet,32,40,8,10,4,10000,0.8620008230209351,0.14351461827754974,0.04890415817499161,1.420089840888977,0.11809355765581131,1.420089840888977,0.024359388276934624,0.2780776023864746
MetricToric/results/v8_tinyimagenet_dct_top110_10k_3seed_from_relative10k_s426/checkpoints/tiny-imagenet_reconstruction_dct_top110_seed426_holdoutR4_steps10000_h1_b10_cl20_tail0_g0_constant_s0_r0.pt,dct_top110,dct_top110,426,best,radial_truncate_r4,tiny-imagenet,32,40,8,10,4,10000,0.8188296556472778,0.18850179016590118,0.05273294076323509,1.179353952407837,0.1431322693824768,1.179353952407837,0.0,0.0
MetricToric/results/v8_tinyimagenet_dct_top110_10k_3seed_from_relative10k_s426/checkpoints/tiny-imagenet_reconstruction_dct_top110_seed426_holdoutR4_steps10000_h1_b10_cl20_tail0_g0_constant_s0_r0.pt,dct_top110,dct_top110,426,best,functional,tiny-imagenet,32,48,8,12,4,10000,0.7546667456626892,0.2606690227985382,0.05867000296711922,1.4795421361923218,0.16737952828407288,1.4795421361923218,0.024218935519456863,0.36739447712898254
MetricToric/results/v8_tinyimagenet_dct_top110_10k_3seed_from_relative10k_s426/checkpoints/tiny-imagenet_reconstruction_dct_top110_seed426_holdoutR4_steps10000_h1_b10_cl20_tail0_g0_constant_s0_r0.pt,dct_top110,dct_top110,426,best,no_pos,tiny-imagenet,32,48,8,12,4,10000,0.283203125,0.7604835629463196,0.0,0.0,0.0,0.0,0.0,0.0
MetricToric/results/v8_tinyimagenet_dct_top110_10k_3seed_from_relative10k_s426/checkpoints/tiny-imagenet_reconstruction_dct_top110_seed426_holdoutR4_steps10000_h1_b10_cl20_tail0_g0_constant_s0_r0.pt,dct_top110,dct_top110,426,best,table_clamp,tiny-imagenet,32,48,8,12,4,10000,0.8462930917739868,0.16327118873596191,0.04305141791701317,1.420089840888977,0.11809355765581131,1.420089840888977,0.02528180554509163,0.2780778110027313
MetricToric/results/v8_tinyimagenet_dct_top110_10k_3seed_from_relative10k_s426/checkpoints/tiny-imagenet_reconstruction_dct_top110_seed426_holdoutR4_steps10000_h1_b10_cl20_tail0_g0_constant_s0_r0.pt,dct_top110,dct_top110,426,best,radial_truncate_r4,tiny-imagenet,32,48,8,12,4,10000,0.7541182041168213,0.26134154200553894,0.050941597670316696,1.4795421361923218,0.16737952828407288,1.4795421361923218,0.0,0.0
MetricToric/results/v8_tinyimagenet_dct_top110_10k_3seed_from_relative10k_s426/checkpoints/tiny-imagenet_reconstruction_dct_top110_seed426_holdoutR4_steps10000_h1_b10_cl20_tail0_g0_constant_s0_r0.pt,dct_top110,dct_top110,426,best,functional,tiny-imagenet,32,64,8,16,4,10000,0.6091824769973755,0.464889258146286,0.058670010417699814,1.389220952987671,0.20899800956249237,1.389220952987671,0.027652408927679062,0.40074822306632996
MetricToric/results/v8_tinyimagenet_dct_top110_10k_3seed_from_relative10k_s426/checkpoints/tiny-imagenet_reconstruction_dct_top110_seed426_holdoutR4_steps10000_h1_b10_cl20_tail0_g0_constant_s0_r0.pt,dct_top110,dct_top110,426,best,no_pos,tiny-imagenet,32,64,8,16,4,10000,0.25460219383239746,0.8856964111328125,0.0,0.0,0.0,0.0,0.0,0.0
MetricToric/results/v8_tinyimagenet_dct_top110_10k_3seed_from_relative10k_s426/checkpoints/tiny-imagenet_reconstruction_dct_top110_seed426_holdoutR4_steps10000_h1_b10_cl20_tail0_g0_constant_s0_r0.pt,dct_top110,dct_top110,426,best,table_clamp,tiny-imagenet,32,64,8,16,4,10000,0.705973744392395,0.3496093451976776,0.036769162863492966,1.4200935363769531,0.1180935725569725,1.4200935363769531,0.026300350204110146,0.27807796001434326
MetricToric/results/v8_tinyimagenet_dct_top110_10k_3seed_from_relative10k_s426/checkpoints/tiny-imagenet_reconstruction_dct_top110_seed426_holdoutR4_steps10000_h1_b10_cl20_tail0_g0_constant_s0_r0.pt,dct_top110,dct_top110,426,best,radial_truncate_r4,tiny-imagenet,32,64,8,16,4,10000,0.6184895038604736,0.45381155610084534,0.047193095088005066,1.389220952987671,0.20899800956249237,1.389220952987671,0.0,0.0
MetricToric/results/v8_tinyimagenet_dct_top110_10k_3seed_from_relative10k_s426/checkpoints/tiny-imagenet_reconstruction_dct_top110_seed526_holdoutR4_steps10000_h1_b10_cl20_tail0_g0_constant_s0_r0.pt,dct_top110,dct_top110,526,best,functional,tiny-imagenet,32,32,8,8,4,10000,0.8556773662567139,0.14542637765407562,0.047141183167696,0.9503033757209778,0.09415575116872787,0.9503033757209778,0.017809472978115082,0.1315290778875351
MetricToric/results/v8_tinyimagenet_dct_top110_10k_3seed_from_relative10k_s426/checkpoints/tiny-imagenet_reconstruction_dct_top110_seed526_holdoutR4_steps10000_h1_b10_cl20_tail0_g0_constant_s0_r0.pt,dct_top110,dct_top110,526,best,no_pos,tiny-imagenet,32,32,8,8,4,10000,0.27432680130004883,0.7300479412078857,0.0,0.0,0.0,0.0,0.0,0.0
MetricToric/results/v8_tinyimagenet_dct_top110_10k_3seed_from_relative10k_s426/checkpoints/tiny-imagenet_reconstruction_dct_top110_seed526_holdoutR4_steps10000_h1_b10_cl20_tail0_g0_constant_s0_r0.pt,dct_top110,dct_top110,526,best,table_clamp,tiny-imagenet,32,32,8,8,4,10000,0.8556857109069824,0.14541497826576233,0.047141183167696,0.9503030180931091,0.09415574371814728,0.9503030180931091,0.017809472978115082,0.1315290778875351
MetricToric/results/v8_tinyimagenet_dct_top110_10k_3seed_from_relative10k_s426/checkpoints/tiny-imagenet_reconstruction_dct_top110_seed526_holdoutR4_steps10000_h1_b10_cl20_tail0_g0_constant_s0_r0.pt,dct_top110,dct_top110,526,best,radial_truncate_r4,tiny-imagenet,32,32,8,8,4,10000,0.8590707778930664,0.14201797544956207,0.04393934831023216,0.9503033757209778,0.09415575116872787,0.9503033757209778,0.0,0.0
MetricToric/results/v8_tinyimagenet_dct_top110_10k_3seed_from_relative10k_s426/checkpoints/tiny-imagenet_reconstruction_dct_top110_seed526_holdoutR4_steps10000_h1_b10_cl20_tail0_g0_constant_s0_r0.pt,dct_top110,dct_top110,526,best,functional,tiny-imagenet,32,40,8,10,4,10000,0.8153035640716553,0.1924511343240738,0.0471411794424057,0.8123700618743896,0.1125863790512085,0.8123700618743896,0.019479980692267418,0.2687830328941345
MetricToric/results/v8_tinyimagenet_dct_top110_10k_3seed_from_relative10k_s426/checkpoints/tiny-imagenet_reconstruction_dct_top110_seed526_holdoutR4_steps10000_h1_b10_cl20_tail0_g0_constant_s0_r0.pt,dct_top110,dct_top110,526,best,no_pos,tiny-imagenet,32,40,8,10,4,10000,0.26875561475753784,0.7600307464599609,0.0,0.0,0.0,0.0,0.0,0.0
MetricToric/results/v8_tinyimagenet_dct_top110_10k_3seed_from_relative10k_s426/checkpoints/tiny-imagenet_reconstruction_dct_top110_seed526_holdoutR4_steps10000_h1_b10_cl20_tail0_g0_constant_s0_r0.pt,dct_top110,dct_top110,526,best,table_clamp,tiny-imagenet,32,40,8,10,4,10000,0.8410948514938354,0.1653994768857956,0.038981709629297256,0.9503027200698853,0.09415573626756668,0.9503027200698853,0.018512632697820663,0.22332772612571716
MetricToric/results/v8_tinyimagenet_dct_top110_10k_3seed_from_relative10k_s426/checkpoints/tiny-imagenet_reconstruction_dct_top110_seed526_holdoutR4_steps10000_h1_b10_cl20_tail0_g0_constant_s0_r0.pt,dct_top110,dct_top110,526,best,radial_truncate_r4,tiny-imagenet,32,40,8,10,4,10000,0.8184500932693481,0.18918685615062714,0.041479192674160004,0.8123700618743896,0.1125863790512085,0.8123700618743896,0.0,0.0
MetricToric/results/v8_tinyimagenet_dct_top110_10k_3seed_from_relative10k_s426/checkpoints/tiny-imagenet_reconstruction_dct_top110_seed526_holdoutR4_steps10000_h1_b10_cl20_tail0_g0_constant_s0_r0.pt,dct_top110,dct_top110,526,best,functional,tiny-imagenet,32,48,8,12,4,10000,0.7709850072860718,0.24328206479549408,0.0471411868929863,0.9292123317718506,0.13057373464107513,0.9292123317718506,0.020739881321787834,0.29459574818611145
MetricToric/results/v8_tinyimagenet_dct_top110_10k_3seed_from_relative10k_s426/checkpoints/tiny-imagenet_reconstruction_dct_top110_seed526_holdoutR4_steps10000_h1_b10_cl20_tail0_g0_constant_s0_r0.pt,dct_top110,dct_top110,526,best,no_pos,tiny-imagenet,32,48,8,12,4,10000,0.2687750458717346,0.7754863500595093,0.0,0.0,0.0,0.0,0.0,0.0
MetricToric/results/v8_tinyimagenet_dct_top110_10k_3seed_from_relative10k_s426/checkpoints/tiny-imagenet_reconstruction_dct_top110_seed526_holdoutR4_steps10000_h1_b10_cl20_tail0_g0_constant_s0_r0.pt,dct_top110,dct_top110,526,best,table_clamp,tiny-imagenet,32,48,8,12,4,10000,0.8042681217193604,0.20764349400997162,0.03391898050904274,0.9503025412559509,0.09415572881698608,0.9503025412559509,0.018687397241592407,0.22332771122455597
MetricToric/results/v8_tinyimagenet_dct_top110_10k_3seed_from_relative10k_s426/checkpoints/tiny-imagenet_reconstruction_dct_top110_seed526_holdoutR4_steps10000_h1_b10_cl20_tail0_g0_constant_s0_r0.pt,dct_top110,dct_top110,526,best,radial_truncate_r4,tiny-imagenet,32,48,8,12,4,10000,0.7740342020988464,0.24004292488098145,0.039739832282066345,0.9292123317718506,0.13057373464107513,0.9292123317718506,0.0,0.0
MetricToric/results/v8_tinyimagenet_dct_top110_10k_3seed_from_relative10k_s426/checkpoints/tiny-imagenet_reconstruction_dct_top110_seed526_holdoutR4_steps10000_h1_b10_cl20_tail0_g0_constant_s0_r0.pt,dct_top110,dct_top110,526,best,functional,tiny-imagenet,32,64,8,16,4,10000,0.6464869976043701,0.4206511080265045,0.0471411794424057,0.9367027878761292,0.158967986702919,0.9367027878761292,0.024078113958239555,0.3208584785461426
MetricToric/results/v8_tinyimagenet_dct_top110_10k_3seed_from_relative10k_s426/checkpoints/tiny-imagenet_reconstruction_dct_top110_seed526_holdoutR4_steps10000_h1_b10_cl20_tail0_g0_constant_s0_r0.pt,dct_top110,dct_top110,526,best,no_pos,tiny-imagenet,32,64,8,16,4,10000,0.24194073677062988,0.9013496041297913,0.0,0.0,0.0,0.0,0.0,0.0
MetricToric/results/v8_tinyimagenet_dct_top110_10k_3seed_from_relative10k_s426/checkpoints/tiny-imagenet_reconstruction_dct_top110_seed526_holdoutR4_steps10000_h1_b10_cl20_tail0_g0_constant_s0_r0.pt,dct_top110,dct_top110,526,best,table_clamp,tiny-imagenet,32,64,8,16,4,10000,0.6066070795059204,0.4677991271018982,0.028181003406643867,0.9503023624420166,0.09415573626756668,0.9503023624420166,0.018809596076607704,0.22332769632339478
MetricToric/results/v8_tinyimagenet_dct_top110_10k_3seed_from_relative10k_s426/checkpoints/tiny-imagenet_reconstruction_dct_top110_seed526_holdoutR4_steps10000_h1_b10_cl20_tail0_g0_constant_s0_r0.pt,dct_top110,dct_top110,526,best,radial_truncate_r4,tiny-imagenet,32,64,8,16,4,10000,0.6486485004425049,0.4180581867694855,0.035895995795726776,0.9367027878761292,0.158967986702919,0.9367027878761292,0.0,0.0
MetricToric/results/v8_tinyimagenet_dct_top110_10k_3seed_from_relative10k_s426/checkpoints/tiny-imagenet_reconstruction_dct_top110_seed626_holdoutR4_steps10000_h1_b10_cl20_tail0_g0_constant_s0_r0.pt,dct_top110,dct_top110,626,best,functional,tiny-imagenet,32,32,8,8,4,10000,0.8629169464111328,0.1375332623720169,0.059908635914325714,1.5921353101730347,0.1212814524769783,1.5921353101730347,0.022293690592050552,0.12380027770996094
MetricToric/results/v8_tinyimagenet_dct_top110_10k_3seed_from_relative10k_s426/checkpoints/tiny-imagenet_reconstruction_dct_top110_seed626_holdoutR4_steps10000_h1_b10_cl20_tail0_g0_constant_s0_r0.pt,dct_top110,dct_top110,626,best,no_pos,tiny-imagenet,32,32,8,8,4,10000,0.28824758529663086,0.7134628891944885,0.0,0.0,0.0,0.0,0.0,0.0
MetricToric/results/v8_tinyimagenet_dct_top110_10k_3seed_from_relative10k_s426/checkpoints/tiny-imagenet_reconstruction_dct_top110_seed626_holdoutR4_steps10000_h1_b10_cl20_tail0_g0_constant_s0_r0.pt,dct_top110,dct_top110,626,best,table_clamp,tiny-imagenet,32,32,8,8,4,10000,0.8629084229469299,0.13754092156887054,0.059908632189035416,1.592134714126587,0.1212814450263977,1.592134714126587,0.022293690592050552,0.12380027770996094
MetricToric/results/v8_tinyimagenet_dct_top110_10k_3seed_from_relative10k_s426/checkpoints/tiny-imagenet_reconstruction_dct_top110_seed626_holdoutR4_steps10000_h1_b10_cl20_tail0_g0_constant_s0_r0.pt,dct_top110,dct_top110,626,best,radial_truncate_r4,tiny-imagenet,32,32,8,8,4,10000,0.8645822405815125,0.1358713060617447,0.056598007678985596,1.5921353101730347,0.1212814524769783,1.5921353101730347,0.0,0.0
MetricToric/results/v8_tinyimagenet_dct_top110_10k_3seed_from_relative10k_s426/checkpoints/tiny-imagenet_reconstruction_dct_top110_seed626_holdoutR4_steps10000_h1_b10_cl20_tail0_g0_constant_s0_r0.pt,dct_top110,dct_top110,626,best,functional,tiny-imagenet,32,40,8,10,4,10000,0.8189127445220947,0.18875443935394287,0.05990862473845482,1.328348159790039,0.1475260704755783,1.328348159790039,0.022652307525277138,0.18050099909305573
MetricToric/results/v8_tinyimagenet_dct_top110_10k_3seed_from_relative10k_s426/checkpoints/tiny-imagenet_reconstruction_dct_top110_seed626_holdoutR4_steps10000_h1_b10_cl20_tail0_g0_constant_s0_r0.pt,dct_top110,dct_top110,626,best,no_pos,tiny-imagenet,32,40,8,10,4,10000,0.2845810055732727,0.7444366216659546,0.0,0.0,0.0,0.0,0.0,0.0
MetricToric/results/v8_tinyimagenet_dct_top110_10k_3seed_from_relative10k_s426/checkpoints/tiny-imagenet_reconstruction_dct_top110_seed626_holdoutR4_steps10000_h1_b10_cl20_tail0_g0_constant_s0_r0.pt,dct_top110,dct_top110,626,best,table_clamp,tiny-imagenet,32,40,8,10,4,10000,0.8634592890739441,0.14222902059555054,0.04961852356791496,1.59213387966156,0.12128143012523651,1.59213387966156,0.023694099858403206,0.12493631988763809
MetricToric/results/v8_tinyimagenet_dct_top110_10k_3seed_from_relative10k_s426/checkpoints/tiny-imagenet_reconstruction_dct_top110_seed626_holdoutR4_steps10000_h1_b10_cl20_tail0_g0_constant_s0_r0.pt,dct_top110,dct_top110,626,best,radial_truncate_r4,tiny-imagenet,32,40,8,10,4,10000,0.82097327709198,0.186654731631279,0.05435171350836754,1.328348159790039,0.1475260704755783,1.328348159790039,0.0,0.0
MetricToric/results/v8_tinyimagenet_dct_top110_10k_3seed_from_relative10k_s426/checkpoints/tiny-imagenet_reconstruction_dct_top110_seed626_holdoutR4_steps10000_h1_b10_cl20_tail0_g0_constant_s0_r0.pt,dct_top110,dct_top110,626,best,functional,tiny-imagenet,32,48,8,12,4,10000,0.7563207149505615,0.25911399722099304,0.05990862473845482,1.617005467414856,0.17281992733478546,1.617005467414856,0.02385416068136692,0.21873663365840912
MetricToric/results/v8_tinyimagenet_dct_top110_10k_3seed_from_relative10k_s426/checkpoints/tiny-imagenet_reconstruction_dct_top110_seed626_holdoutR4_steps10000_h1_b10_cl20_tail0_g0_constant_s0_r0.pt,dct_top110,dct_top110,626,best,no_pos,tiny-imagenet,32,48,8,12,4,10000,0.2834959626197815,0.7603853344917297,0.0,0.0,0.0,0.0,0.0,0.0
MetricToric/results/v8_tinyimagenet_dct_top110_10k_3seed_from_relative10k_s426/checkpoints/tiny-imagenet_reconstruction_dct_top110_seed626_holdoutR4_steps10000_h1_b10_cl20_tail0_g0_constant_s0_r0.pt,dct_top110,dct_top110,626,best,table_clamp,tiny-imagenet,32,48,8,12,4,10000,0.8512479662895203,0.15815506875514984,0.04338786378502846,1.5921335220336914,0.12128143012523651,1.5921335220336914,0.02439175732433796,0.12493631988763809
MetricToric/results/v8_tinyimagenet_dct_top110_10k_3seed_from_relative10k_s426/checkpoints/tiny-imagenet_reconstruction_dct_top110_seed626_holdoutR4_steps10000_h1_b10_cl20_tail0_g0_constant_s0_r0.pt,dct_top110,dct_top110,626,best,radial_truncate_r4,tiny-imagenet,32,48,8,12,4,10000,0.7561322450637817,0.25937917828559875,0.052597369998693466,1.617005467414856,0.17281992733478546,1.617005467414856,0.0,0.0
MetricToric/results/v8_tinyimagenet_dct_top110_10k_3seed_from_relative10k_s426/checkpoints/tiny-imagenet_reconstruction_dct_top110_seed626_holdoutR4_steps10000_h1_b10_cl20_tail0_g0_constant_s0_r0.pt,dct_top110,dct_top110,626,best,functional,tiny-imagenet,32,64,8,16,4,10000,0.6110268831253052,0.4629042446613312,0.05990862473845482,1.5637534856796265,0.21592503786087036,1.5637534856796265,0.027077805250883102,0.3831912577152252
MetricToric/results/v8_tinyimagenet_dct_top110_10k_3seed_from_relative10k_s426/checkpoints/tiny-imagenet_reconstruction_dct_top110_seed626_holdoutR4_steps10000_h1_b10_cl20_tail0_g0_constant_s0_r0.pt,dct_top110,dct_top110,626,best,no_pos,tiny-imagenet,32,64,8,16,4,10000,0.2542295455932617,0.8867803812026978,0.0,0.0,0.0,0.0,0.0,0.0
MetricToric/results/v8_tinyimagenet_dct_top110_10k_3seed_from_relative10k_s426/checkpoints/tiny-imagenet_reconstruction_dct_top110_seed626_holdoutR4_steps10000_h1_b10_cl20_tail0_g0_constant_s0_r0.pt,dct_top110,dct_top110,626,best,table_clamp,tiny-imagenet,32,64,8,16,4,10000,0.7168832421302795,0.3367587924003601,0.036601629108190536,1.5921330451965332,0.12128143757581711,1.5921330451965332,0.025249244645237923,0.12493632733821869
MetricToric/results/v8_tinyimagenet_dct_top110_10k_3seed_from_relative10k_s426/checkpoints/tiny-imagenet_reconstruction_dct_top110_seed626_holdoutR4_steps10000_h1_b10_cl20_tail0_g0_constant_s0_r0.pt,dct_top110,dct_top110,626,best,radial_truncate_r4,tiny-imagenet,32,64,8,16,4,10000,0.6203629970550537,0.4518307149410248,0.048757269978523254,1.5637534856796265,0.21592503786087036,1.5637534856796265,0.0,0.0
MetricToric/results/v8_tinyimagenet_toric_pj_top220_10k_3seed_from_relative10k_s426/checkpoints/tiny-imagenet_reconstruction_table_informed_toric_PJ_R0_top220_seed426_holdoutR4_steps10000_h1_b10_cl20_tail0_g0_constant_s0_r0.pt,toric_pj,table_informed_toric_PJ_R0_top220,426,best,functional,tiny-imagenet,32,32,8,8,4,10000,0.8100847601890564,0.1909961700439453,0.3379617929458618,2.1057186126708984,0.22675925493240356,1.6912225484848022,0.45104172825813293,2.1057186126708984
MetricToric/results/v8_tinyimagenet_toric_pj_top220_10k_3seed_from_relative10k_s426/checkpoints/tiny-imagenet_reconstruction_table_informed_toric_PJ_R0_top220_seed426_holdoutR4_steps10000_h1_b10_cl20_tail0_g0_constant_s0_r0.pt,toric_pj,table_informed_toric_PJ_R0_top220,426,best,no_pos,tiny-imagenet,32,32,8,8,4,10000,0.2757895588874817,0.7276776432991028,0.0,0.0,0.0,0.0,0.0,0.0
MetricToric/results/v8_tinyimagenet_toric_pj_top220_10k_3seed_from_relative10k_s426/checkpoints/tiny-imagenet_reconstruction_table_informed_toric_PJ_R0_top220_seed426_holdoutR4_steps10000_h1_b10_cl20_tail0_g0_constant_s0_r0.pt,toric_pj,table_informed_toric_PJ_R0_top220,426,best,table_clamp,tiny-imagenet,32,32,8,8,4,10000,0.8101332187652588,0.19097425043582916,0.3379617929458618,2.1057186126708984,0.22675926983356476,1.6912230253219604,0.45104172825813293,2.1057186126708984
MetricToric/results/v8_tinyimagenet_toric_pj_top220_10k_3seed_from_relative10k_s426/checkpoints/tiny-imagenet_reconstruction_table_informed_toric_PJ_R0_top220_seed426_holdoutR4_steps10000_h1_b10_cl20_tail0_g0_constant_s0_r0.pt,toric_pj,table_informed_toric_PJ_R0_top220,426,best,radial_truncate_r4,tiny-imagenet,32,32,8,8,4,10000,0.8630914688110352,0.1376517415046692,0.10582098364830017,1.6912225484848022,0.22675925493240356,1.6912225484848022,0.0,0.0
MetricToric/results/v8_tinyimagenet_toric_pj_top220_10k_3seed_from_relative10k_s426/checkpoints/tiny-imagenet_reconstruction_table_informed_toric_PJ_R0_top220_seed426_holdoutR4_steps10000_h1_b10_cl20_tail0_g0_constant_s0_r0.pt,toric_pj,table_informed_toric_PJ_R0_top220,426,best,functional,tiny-imagenet,32,40,8,10,4,10000,0.78517746925354,0.2233719527721405,0.3542526662349701,2.1057193279266357,0.22675925493240356,1.6912227869033813,0.4067005217075348,2.1057193279266357
MetricToric/results/v8_tinyimagenet_toric_pj_top220_10k_3seed_from_relative10k_s426/checkpoints/tiny-imagenet_reconstruction_table_informed_toric_PJ_R0_top220_seed426_holdoutR4_steps10000_h1_b10_cl20_tail0_g0_constant_s0_r0.pt,toric_pj,table_informed_toric_PJ_R0_top220,426,best,no_pos,tiny-imagenet,32,40,8,10,4,10000,0.27269065380096436,0.7558934092521667,0.0,0.0,0.0,0.0,0.0,0.0
MetricToric/results/v8_tinyimagenet_toric_pj_top220_10k_3seed_from_relative10k_s426/checkpoints/tiny-imagenet_reconstruction_table_informed_toric_PJ_R0_top220_seed426_holdoutR4_steps10000_h1_b10_cl20_tail0_g0_constant_s0_r0.pt,toric_pj,table_informed_toric_PJ_R0_top220,426,best,table_clamp,tiny-imagenet,32,40,8,10,4,10000,0.7866861820220947,0.22177612781524658,0.36193424463272095,2.1057193279266357,0.22675925493240356,1.6912230253219604,0.41805902123451233,2.1057193279266357
MetricToric/results/v8_tinyimagenet_toric_pj_top220_10k_3seed_from_relative10k_s426/checkpoints/tiny-imagenet_reconstruction_table_informed_toric_PJ_R0_top220_seed426_holdoutR4_steps10000_h1_b10_cl20_tail0_g0_constant_s0_r0.pt,toric_pj,table_informed_toric_PJ_R0_top220,426,best,radial_truncate_r4,tiny-imagenet,32,40,8,10,4,10000,0.8640120625495911,0.14153610169887543,0.08354288339614868,1.6912227869033813,0.22675925493240356,1.6912227869033813,0.0,0.0
MetricToric/results/v8_tinyimagenet_toric_pj_top220_10k_3seed_from_relative10k_s426/checkpoints/tiny-imagenet_reconstruction_table_informed_toric_PJ_R0_top220_seed426_holdoutR4_steps10000_h1_b10_cl20_tail0_g0_constant_s0_r0.pt,toric_pj,table_informed_toric_PJ_R0_top220,426,best,functional,tiny-imagenet,32,48,8,12,4,10000,0.7724392414093018,0.24160800874233246,0.3659619390964508,2.1057186126708984,0.22675924003124237,1.691222906112671,0.3993752896785736,2.1057186126708984
MetricToric/results/v8_tinyimagenet_toric_pj_top220_10k_3seed_from_relative10k_s426/checkpoints/tiny-imagenet_reconstruction_table_informed_toric_PJ_R0_top220_seed426_holdoutR4_steps10000_h1_b10_cl20_tail0_g0_constant_s0_r0.pt,toric_pj,table_informed_toric_PJ_R0_top220,426,best,no_pos,tiny-imagenet,32,48,8,12,4,10000,0.2668723464012146,0.7781381011009216,0.0,0.0,0.0,0.0,0.0,0.0
MetricToric/results/v8_tinyimagenet_toric_pj_top220_10k_3seed_from_relative10k_s426/checkpoints/tiny-imagenet_reconstruction_table_informed_toric_PJ_R0_top220_seed426_holdoutR4_steps10000_h1_b10_cl20_tail0_g0_constant_s0_r0.pt,toric_pj,table_informed_toric_PJ_R0_top220,426,best,table_clamp,tiny-imagenet,32,48,8,12,4,10000,0.7678073644638062,0.24653930962085724,0.36622506380081177,2.105719804763794,0.22675925493240356,1.6912230253219604,0.39971089363098145,2.105719804763794
MetricToric/results/v8_tinyimagenet_toric_pj_top220_10k_3seed_from_relative10k_s426/checkpoints/tiny-imagenet_reconstruction_table_informed_toric_PJ_R0_top220_seed426_holdoutR4_steps10000_h1_b10_cl20_tail0_g0_constant_s0_r0.pt,toric_pj,table_informed_toric_PJ_R0_top220,426,best,radial_truncate_r4,tiny-imagenet,32,48,8,12,4,10000,0.8553766012191772,0.1536555141210556,0.06901367753744125,1.691222906112671,0.22675924003124237,1.691222906112671,0.0,0.0
MetricToric/results/v8_tinyimagenet_toric_pj_top220_10k_3seed_from_relative10k_s426/checkpoints/tiny-imagenet_reconstruction_table_informed_toric_PJ_R0_top220_seed426_holdoutR4_steps10000_h1_b10_cl20_tail0_g0_constant_s0_r0.pt,toric_pj,table_informed_toric_PJ_R0_top220,426,best,functional,tiny-imagenet,32,64,8,16,4,10000,0.5791927576065063,0.5000609159469604,0.3428332209587097,2.1057181358337402,0.22675926983356476,1.6912230253219604,0.3556597828865051,2.1057181358337402
MetricToric/results/v8_tinyimagenet_toric_pj_top220_10k_3seed_from_relative10k_s426/checkpoints/tiny-imagenet_reconstruction_table_informed_toric_PJ_R0_top220_seed426_holdoutR4_steps10000_h1_b10_cl20_tail0_g0_constant_s0_r0.pt,toric_pj,table_informed_toric_PJ_R0_top220,426,best,no_pos,tiny-imagenet,32,64,8,16,4,10000,0.23955827951431274,0.9036888480186462,0.0,0.0,0.0,0.0,0.0,0.0
MetricToric/results/v8_tinyimagenet_toric_pj_top220_10k_3seed_from_relative10k_s426/checkpoints/tiny-imagenet_reconstruction_table_informed_toric_PJ_R0_top220_seed426_holdoutR4_steps10000_h1_b10_cl20_tail0_g0_constant_s0_r0.pt,toric_pj,table_informed_toric_PJ_R0_top220,426,best,table_clamp,tiny-imagenet,32,64,8,16,4,10000,0.6378118991851807,0.4307563006877899,0.3599037230014801,2.1057164669036865,0.22675926983356476,1.6912230253219604,0.37508824467658997,2.1057164669036865
MetricToric/results/v8_tinyimagenet_toric_pj_top220_10k_3seed_from_relative10k_s426/checkpoints/tiny-imagenet_reconstruction_table_informed_toric_PJ_R0_top220_seed426_holdoutR4_steps10000_h1_b10_cl20_tail0_g0_constant_s0_r0.pt,toric_pj,table_informed_toric_PJ_R0_top220,426,best,radial_truncate_r4,tiny-imagenet,32,64,8,16,4,10000,0.7365193367004395,0.3133270740509033,0.05120370537042618,1.6912230253219604,0.22675926983356476,1.6912230253219604,0.0,0.0
MetricToric/results/v8_tinyimagenet_toric_pj_top220_10k_3seed_from_relative10k_s426/checkpoints/tiny-imagenet_reconstruction_table_informed_toric_PJ_R0_top220_seed526_holdoutR4_steps10000_h1_b10_cl20_tail0_g0_constant_s0_r0.pt,toric_pj,table_informed_toric_PJ_R0_top220,526,best,functional,tiny-imagenet,32,32,8,8,4,10000,0.8390757441520691,0.16202868521213531,0.33770236372947693,2.106578826904297,0.22869007289409637,1.1996800899505615,0.4505266845226288,2.106578826904297
MetricToric/results/v8_tinyimagenet_toric_pj_top220_10k_3seed_from_relative10k_s426/checkpoints/tiny-imagenet_reconstruction_table_informed_toric_PJ_R0_top220_seed526_holdoutR4_steps10000_h1_b10_cl20_tail0_g0_constant_s0_r0.pt,toric_pj,table_informed_toric_PJ_R0_top220,526,best,no_pos,tiny-imagenet,32,32,8,8,4,10000,0.28277963399887085,0.7218615412712097,0.0,0.0,0.0,0.0,0.0,0.0
MetricToric/results/v8_tinyimagenet_toric_pj_top220_10k_3seed_from_relative10k_s426/checkpoints/tiny-imagenet_reconstruction_table_informed_toric_PJ_R0_top220_seed526_holdoutR4_steps10000_h1_b10_cl20_tail0_g0_constant_s0_r0.pt,toric_pj,table_informed_toric_PJ_R0_top220,526,best,table_clamp,tiny-imagenet,32,32,8,8,4,10000,0.839033305644989,0.1620756983757019,0.33770236372947693,2.106578826904297,0.22869007289409637,1.1996800899505615,0.4505266845226288,2.106578826904297
MetricToric/results/v8_tinyimagenet_toric_pj_top220_10k_3seed_from_relative10k_s426/checkpoints/tiny-imagenet_reconstruction_table_informed_toric_PJ_R0_top220_seed526_holdoutR4_steps10000_h1_b10_cl20_tail0_g0_constant_s0_r0.pt,toric_pj,table_informed_toric_PJ_R0_top220,526,best,radial_truncate_r4,tiny-imagenet,32,32,8,8,4,10000,0.8647757768630981,0.1362859606742859,0.10672203451395035,1.1996800899505615,0.22869007289409637,1.1996800899505615,0.0,0.0
MetricToric/results/v8_tinyimagenet_toric_pj_top220_10k_3seed_from_relative10k_s426/checkpoints/tiny-imagenet_reconstruction_table_informed_toric_PJ_R0_top220_seed526_holdoutR4_steps10000_h1_b10_cl20_tail0_g0_constant_s0_r0.pt,toric_pj,table_informed_toric_PJ_R0_top220,526,best,functional,tiny-imagenet,32,40,8,10,4,10000,0.8252167701721191,0.18205198645591736,0.3538419008255005,2.106578826904297,0.22869005799293518,1.199678659439087,0.40611526370048523,2.106578826904297
MetricToric/results/v8_tinyimagenet_toric_pj_top220_10k_3seed_from_relative10k_s426/checkpoints/tiny-imagenet_reconstruction_table_informed_toric_PJ_R0_top220_seed526_holdoutR4_steps10000_h1_b10_cl20_tail0_g0_constant_s0_r0.pt,toric_pj,table_informed_toric_PJ_R0_top220,526,best,no_pos,tiny-imagenet,32,40,8,10,4,10000,0.2771661877632141,0.7517486810684204,0.0,0.0,0.0,0.0,0.0,0.0
MetricToric/results/v8_tinyimagenet_toric_pj_top220_10k_3seed_from_relative10k_s426/checkpoints/tiny-imagenet_reconstruction_table_informed_toric_PJ_R0_top220_seed526_holdoutR4_steps10000_h1_b10_cl20_tail0_g0_constant_s0_r0.pt,toric_pj,table_informed_toric_PJ_R0_top220,526,best,table_clamp,tiny-imagenet,32,40,8,10,4,10000,0.8252542614936829,0.18189409375190735,0.36150991916656494,2.106578826904297,0.22869005799293518,1.199678659439087,0.4174567759037018,2.106578826904297
MetricToric/results/v8_tinyimagenet_toric_pj_top220_10k_3seed_from_relative10k_s426/checkpoints/tiny-imagenet_reconstruction_table_informed_toric_PJ_R0_top220_seed526_holdoutR4_steps10000_h1_b10_cl20_tail0_g0_constant_s0_r0.pt,toric_pj,table_informed_toric_PJ_R0_top220,526,best,radial_truncate_r4,tiny-imagenet,32,40,8,10,4,10000,0.8657644987106323,0.13976281881332397,0.08425423502922058,1.199678659439087,0.22869005799293518,1.199678659439087,0.0,0.0
MetricToric/results/v8_tinyimagenet_toric_pj_top220_10k_3seed_from_relative10k_s426/checkpoints/tiny-imagenet_reconstruction_table_informed_toric_PJ_R0_top220_seed526_holdoutR4_steps10000_h1_b10_cl20_tail0_g0_constant_s0_r0.pt,toric_pj,table_informed_toric_PJ_R0_top220,526,best,functional,tiny-imagenet,32,48,8,12,4,10000,0.8153067231178284,0.19601714611053467,0.36568722128868103,2.1065807342529297,0.228690043091774,1.1996781826019287,0.3990384638309479,2.1065807342529297
MetricToric/results/v8_tinyimagenet_toric_pj_top220_10k_3seed_from_relative10k_s426/checkpoints/tiny-imagenet_reconstruction_table_informed_toric_PJ_R0_top220_seed526_holdoutR4_steps10000_h1_b10_cl20_tail0_g0_constant_s0_r0.pt,toric_pj,table_informed_toric_PJ_R0_top220,526,best,no_pos,tiny-imagenet,32,48,8,12,4,10000,0.27480101585388184,0.7692485451698303,0.0,0.0,0.0,0.0,0.0,0.0
MetricToric/results/v8_tinyimagenet_toric_pj_top220_10k_3seed_from_relative10k_s426/checkpoints/tiny-imagenet_reconstruction_table_informed_toric_PJ_R0_top220_seed526_holdoutR4_steps10000_h1_b10_cl20_tail0_g0_constant_s0_r0.pt,toric_pj,table_informed_toric_PJ_R0_top220,526,best,table_clamp,tiny-imagenet,32,48,8,12,4,10000,0.809636652469635,0.20197562873363495,0.3657067120075226,2.1065802574157715,0.22869005799293518,1.1996780633926392,0.3990634083747864,2.1065802574157715
MetricToric/results/v8_tinyimagenet_toric_pj_top220_10k_3seed_from_relative10k_s426/checkpoints/tiny-imagenet_reconstruction_table_informed_toric_PJ_R0_top220_seed526_holdoutR4_steps10000_h1_b10_cl20_tail0_g0_constant_s0_r0.pt,toric_pj,table_informed_toric_PJ_R0_top220,526,best,radial_truncate_r4,tiny-imagenet,32,48,8,12,4,10000,0.8597145080566406,0.1489591747522354,0.06960131973028183,1.1996781826019287,0.228690043091774,1.1996781826019287,0.0,0.0
MetricToric/results/v8_tinyimagenet_toric_pj_top220_10k_3seed_from_relative10k_s426/checkpoints/tiny-imagenet_reconstruction_table_informed_toric_PJ_R0_top220_seed526_holdoutR4_steps10000_h1_b10_cl20_tail0_g0_constant_s0_r0.pt,toric_pj,table_informed_toric_PJ_R0_top220,526,best,functional,tiny-imagenet,32,64,8,16,4,10000,0.6097003221511841,0.46424442529678345,0.34252211451530457,2.106581926345825,0.2286900281906128,1.1996773481369019,0.3553120195865631,2.106581926345825
MetricToric/results/v8_tinyimagenet_toric_pj_top220_10k_3seed_from_relative10k_s426/checkpoints/tiny-imagenet_reconstruction_table_informed_toric_PJ_R0_top220_seed526_holdoutR4_steps10000_h1_b10_cl20_tail0_g0_constant_s0_r0.pt,toric_pj,table_informed_toric_PJ_R0_top220,526,best,no_pos,tiny-imagenet,32,64,8,16,4,10000,0.24670851230621338,0.8960584998130798,0.0,0.0,0.0,0.0,0.0,0.0
MetricToric/results/v8_tinyimagenet_toric_pj_top220_10k_3seed_from_relative10k_s426/checkpoints/tiny-imagenet_reconstruction_table_informed_toric_PJ_R0_top220_seed526_holdoutR4_steps10000_h1_b10_cl20_tail0_g0_constant_s0_r0.pt,toric_pj,table_informed_toric_PJ_R0_top220,526,best,table_clamp,tiny-imagenet,32,64,8,16,4,10000,0.6812170743942261,0.3793666362762451,0.3592730760574341,2.106581687927246,0.22869005799293518,1.1996773481369019,0.37437883019447327,2.106581687927246
MetricToric/results/v8_tinyimagenet_toric_pj_top220_10k_3seed_from_relative10k_s426/checkpoints/tiny-imagenet_reconstruction_table_informed_toric_PJ_R0_top220_seed526_holdoutR4_steps10000_h1_b10_cl20_tail0_g0_constant_s0_r0.pt,toric_pj,table_informed_toric_PJ_R0_top220,526,best,radial_truncate_r4,tiny-imagenet,32,64,8,16,4,10000,0.7434641718864441,0.30523666739463806,0.05163968354463577,1.1996773481369019,0.2286900281906128,1.1996773481369019,0.0,0.0
MetricToric/results/v8_tinyimagenet_toric_pj_top220_10k_3seed_from_relative10k_s426/checkpoints/tiny-imagenet_reconstruction_table_informed_toric_PJ_R0_top220_seed626_holdoutR4_steps10000_h1_b10_cl20_tail0_g0_constant_s0_r0.pt,toric_pj,table_informed_toric_PJ_R0_top220,626,best,functional,tiny-imagenet,32,32,8,8,4,10000,0.8258519172668457,0.17458698153495789,0.3380165100097656,2.1052825450897217,0.23032231628894806,1.5811032056808472,0.4502876102924347,2.1052825450897217
MetricToric/results/v8_tinyimagenet_toric_pj_top220_10k_3seed_from_relative10k_s426/checkpoints/tiny-imagenet_reconstruction_table_informed_toric_PJ_R0_top220_seed626_holdoutR4_steps10000_h1_b10_cl20_tail0_g0_constant_s0_r0.pt,toric_pj,table_informed_toric_PJ_R0_top220,626,best,no_pos,tiny-imagenet,32,32,8,8,4,10000,0.2741847038269043,0.727335512638092,0.0,0.0,0.0,0.0,0.0,0.0
MetricToric/results/v8_tinyimagenet_toric_pj_top220_10k_3seed_from_relative10k_s426/checkpoints/tiny-imagenet_reconstruction_table_informed_toric_PJ_R0_top220_seed626_holdoutR4_steps10000_h1_b10_cl20_tail0_g0_constant_s0_r0.pt,toric_pj,table_informed_toric_PJ_R0_top220,626,best,table_clamp,tiny-imagenet,32,32,8,8,4,10000,0.8258153200149536,0.17461732029914856,0.3380165100097656,2.1052825450897217,0.23032231628894806,1.5811026096343994,0.4502876102924347,2.1052825450897217
MetricToric/results/v8_tinyimagenet_toric_pj_top220_10k_3seed_from_relative10k_s426/checkpoints/tiny-imagenet_reconstruction_table_informed_toric_PJ_R0_top220_seed626_holdoutR4_steps10000_h1_b10_cl20_tail0_g0_constant_s0_r0.pt,toric_pj,table_informed_toric_PJ_R0_top220,626,best,radial_truncate_r4,tiny-imagenet,32,32,8,8,4,10000,0.8605144023895264,0.13997794687747955,0.10748375207185745,1.5811032056808472,0.23032231628894806,1.5811032056808472,0.0,0.0
MetricToric/results/v8_tinyimagenet_toric_pj_top220_10k_3seed_from_relative10k_s426/checkpoints/tiny-imagenet_reconstruction_table_informed_toric_PJ_R0_top220_seed626_holdoutR4_steps10000_h1_b10_cl20_tail0_g0_constant_s0_r0.pt,toric_pj,table_informed_toric_PJ_R0_top220,626,best,functional,tiny-imagenet,32,40,8,10,4,10000,0.8122384548187256,0.19567961990833282,0.3537557125091553,2.1052820682525635,0.23032234609127045,1.5811021327972412,0.40561461448669434,2.1052820682525635
MetricToric/results/v8_tinyimagenet_toric_pj_top220_10k_3seed_from_relative10k_s426/checkpoints/tiny-imagenet_reconstruction_table_informed_toric_PJ_R0_top220_seed626_holdoutR4_steps10000_h1_b10_cl20_tail0_g0_constant_s0_r0.pt,toric_pj,table_informed_toric_PJ_R0_top220,626,best,no_pos,tiny-imagenet,32,40,8,10,4,10000,0.2689116597175598,0.7606988549232483,0.0,0.0,0.0,0.0,0.0,0.0
MetricToric/results/v8_tinyimagenet_toric_pj_top220_10k_3seed_from_relative10k_s426/checkpoints/tiny-imagenet_reconstruction_table_informed_toric_PJ_R0_top220_seed626_holdoutR4_steps10000_h1_b10_cl20_tail0_g0_constant_s0_r0.pt,toric_pj,table_informed_toric_PJ_R0_top220,626,best,table_clamp,tiny-imagenet,32,40,8,10,4,10000,0.8137577772140503,0.19401656091213226,0.3615895211696625,2.1052820682525635,0.23032234609127045,1.5811017751693726,0.4172118008136749,2.1052820682525635
MetricToric/results/v8_tinyimagenet_toric_pj_top220_10k_3seed_from_relative10k_s426/checkpoints/tiny-imagenet_reconstruction_table_informed_toric_PJ_R0_top220_seed626_holdoutR4_steps10000_h1_b10_cl20_tail0_g0_constant_s0_r0.pt,toric_pj,table_informed_toric_PJ_R0_top220,626,best,radial_truncate_r4,tiny-imagenet,32,40,8,10,4,10000,0.8638973832130432,0.14185398817062378,0.08485560119152069,1.5811021327972412,0.23032234609127045,1.5811021327972412,0.0,0.0
MetricToric/results/v8_tinyimagenet_toric_pj_top220_10k_3seed_from_relative10k_s426/checkpoints/tiny-imagenet_reconstruction_table_informed_toric_PJ_R0_top220_seed626_holdoutR4_steps10000_h1_b10_cl20_tail0_g0_constant_s0_r0.pt,toric_pj,table_informed_toric_PJ_R0_top220,626,best,functional,tiny-imagenet,32,48,8,12,4,10000,0.7980557084083557,0.2145749181509018,0.3657170534133911,2.105283737182617,0.23032236099243164,1.581101655960083,0.3988650441169739,2.105283737182617
MetricToric/results/v8_tinyimagenet_toric_pj_top220_10k_3seed_from_relative10k_s426/checkpoints/tiny-imagenet_reconstruction_table_informed_toric_PJ_R0_top220_seed626_holdoutR4_steps10000_h1_b10_cl20_tail0_g0_constant_s0_r0.pt,toric_pj,table_informed_toric_PJ_R0_top220,626,best,no_pos,tiny-imagenet,32,48,8,12,4,10000,0.2656146287918091,0.7793045043945312,0.0,0.0,0.0,0.0,0.0,0.0
MetricToric/results/v8_tinyimagenet_toric_pj_top220_10k_3seed_from_relative10k_s426/checkpoints/tiny-imagenet_reconstruction_table_informed_toric_PJ_R0_top220_seed626_holdoutR4_steps10000_h1_b10_cl20_tail0_g0_constant_s0_r0.pt,toric_pj,table_informed_toric_PJ_R0_top220,626,best,table_clamp,tiny-imagenet,32,48,8,12,4,10000,0.7991515398025513,0.21342556178569794,0.36572757363319397,2.105283498764038,0.23032234609127045,1.581101417541504,0.3988785445690155,2.105283498764038
MetricToric/results/v8_tinyimagenet_toric_pj_top220_10k_3seed_from_relative10k_s426/checkpoints/tiny-imagenet_reconstruction_table_informed_toric_PJ_R0_top220_seed626_holdoutR4_steps10000_h1_b10_cl20_tail0_g0_constant_s0_r0.pt,toric_pj,table_informed_toric_PJ_R0_top220,626,best,radial_truncate_r4,tiny-imagenet,32,48,8,12,4,10000,0.8567330837249756,0.1522996723651886,0.07009810209274292,1.581101655960083,0.23032236099243164,1.581101655960083,0.0,0.0
MetricToric/results/v8_tinyimagenet_toric_pj_top220_10k_3seed_from_relative10k_s426/checkpoints/tiny-imagenet_reconstruction_table_informed_toric_PJ_R0_top220_seed626_holdoutR4_steps10000_h1_b10_cl20_tail0_g0_constant_s0_r0.pt,toric_pj,table_informed_toric_PJ_R0_top220,626,best,functional,tiny-imagenet,32,64,8,16,4,10000,0.6004277467727661,0.474928081035614,0.34315428137779236,2.1052849292755127,0.23032234609127045,1.5811060667037964,0.35592222213745117,2.1052849292755127
MetricToric/results/v8_tinyimagenet_toric_pj_top220_10k_3seed_from_relative10k_s426/checkpoints/tiny-imagenet_reconstruction_table_informed_toric_PJ_R0_top220_seed626_holdoutR4_steps10000_h1_b10_cl20_tail0_g0_constant_s0_r0.pt,toric_pj,table_informed_toric_PJ_R0_top220,626,best,no_pos,tiny-imagenet,32,64,8,16,4,10000,0.23991715908050537,0.9036459922790527,0.0,0.0,0.0,0.0,0.0,0.0
MetricToric/results/v8_tinyimagenet_toric_pj_top220_10k_3seed_from_relative10k_s426/checkpoints/tiny-imagenet_reconstruction_table_informed_toric_PJ_R0_top220_seed626_holdoutR4_steps10000_h1_b10_cl20_tail0_g0_constant_s0_r0.pt,toric_pj,table_informed_toric_PJ_R0_top220,626,best,table_clamp,tiny-imagenet,32,64,8,16,4,10000,0.6723095178604126,0.38979312777519226,0.3593100309371948,2.1052846908569336,0.23032234609127045,1.5811059474945068,0.3743153512477875,2.1052846908569336
MetricToric/results/v8_tinyimagenet_toric_pj_top220_10k_3seed_from_relative10k_s426/checkpoints/tiny-imagenet_reconstruction_table_informed_toric_PJ_R0_top220_seed626_holdoutR4_steps10000_h1_b10_cl20_tail0_g0_constant_s0_r0.pt,toric_pj,table_informed_toric_PJ_R0_top220,626,best,radial_truncate_r4,tiny-imagenet,32,64,8,16,4,10000,0.7367509603500366,0.3131408393383026,0.05200827121734619,1.5811060667037964,0.23032234609127045,1.5811060667037964,0.0,0.0
MetricToric/results/v9_tinyimagenet_farband_teacher_w3_10k_3seed_from_relative10k_s426/checkpoints/tiny-imagenet_reconstruction_mixed_toric_PJ_R0_top220_residual_dct_top32_seed426_holdoutR4_steps10000_h0_b0_cl20_tail0_g0_constant_s0_r0_contlocal_continuationr4w1f0lr1_v9bv0bd0fl0p1fm0p1fs0p01tv0p1li0fbt3r6_9.pt,farband_repair,mixed_toric_PJ_R0_top220_residual_dct_top32,426,best,functional,tiny-imagenet,32,32,8,8,4,10000,0.8748952150344849,0.12572909891605377,0.10394179075956345,2.3694536685943604,0.20213741064071655,2.3694536685943604,0.03967820480465889,0.40022987127304077
MetricToric/results/v9_tinyimagenet_farband_teacher_w3_10k_3seed_from_relative10k_s426/checkpoints/tiny-imagenet_reconstruction_mixed_toric_PJ_R0_top220_residual_dct_top32_seed426_holdoutR4_steps10000_h0_b0_cl20_tail0_g0_constant_s0_r0_contlocal_continuationr4w1f0lr1_v9bv0bd0fl0p1fm0p1fs0p01tv0p1li0fbt3r6_9.pt,farband_repair,mixed_toric_PJ_R0_top220_residual_dct_top32,426,best,no_pos,tiny-imagenet,32,32,8,8,4,10000,0.26799190044403076,0.7353474497795105,0.0,0.0,0.0,0.0,0.0,0.0
MetricToric/results/v9_tinyimagenet_farband_teacher_w3_10k_3seed_from_relative10k_s426/checkpoints/tiny-imagenet_reconstruction_mixed_toric_PJ_R0_top220_residual_dct_top32_seed426_holdoutR4_steps10000_h0_b0_cl20_tail0_g0_constant_s0_r0_contlocal_continuationr4w1f0lr1_v9bv0bd0fl0p1fm0p1fs0p01tv0p1li0fbt3r6_9.pt,farband_repair,mixed_toric_PJ_R0_top220_residual_dct_top32,426,best,table_clamp,tiny-imagenet,32,32,8,8,4,10000,0.874898374080658,0.12572526931762695,0.10394179821014404,2.3694536685943604,0.20213741064071655,2.3694536685943604,0.03967820480465889,0.40022987127304077
MetricToric/results/v9_tinyimagenet_farband_teacher_w3_10k_3seed_from_relative10k_s426/checkpoints/tiny-imagenet_reconstruction_mixed_toric_PJ_R0_top220_residual_dct_top32_seed426_holdoutR4_steps10000_h0_b0_cl20_tail0_g0_constant_s0_r0_contlocal_continuationr4w1f0lr1_v9bv0bd0fl0p1fm0p1fs0p01tv0p1li0fbt3r6_9.pt,farband_repair,mixed_toric_PJ_R0_top220_residual_dct_top32,426,best,radial_truncate_r4,tiny-imagenet,32,32,8,8,4,10000,0.8773343563079834,0.12328673154115677,0.094330795109272,2.3694536685943604,0.20213741064071655,2.3694536685943604,0.0,0.0
MetricToric/results/v9_tinyimagenet_farband_teacher_w3_10k_3seed_from_relative10k_s426/checkpoints/tiny-imagenet_reconstruction_mixed_toric_PJ_R0_top220_residual_dct_top32_seed426_holdoutR4_steps10000_h0_b0_cl20_tail0_g0_constant_s0_r0_contlocal_continuationr4w1f0lr1_v9bv0bd0fl0p1fm0p1fs0p01tv0p1li0fbt3r6_9.pt,farband_repair,mixed_toric_PJ_R0_top220_residual_dct_top32,426,best,functional,tiny-imagenet,32,40,8,10,4,10000,0.876422643661499,0.12860220670700073,0.09017600119113922,2.403400421142578,0.20603913068771362,2.403400421142578,0.04835356026887894,0.39256569743156433
MetricToric/results/v9_tinyimagenet_farband_teacher_w3_10k_3seed_from_relative10k_s426/checkpoints/tiny-imagenet_reconstruction_mixed_toric_PJ_R0_top220_residual_dct_top32_seed426_holdoutR4_steps10000_h0_b0_cl20_tail0_g0_constant_s0_r0_contlocal_continuationr4w1f0lr1_v9bv0bd0fl0p1fm0p1fs0p01tv0p1li0fbt3r6_9.pt,farband_repair,mixed_toric_PJ_R0_top220_residual_dct_top32,426,best,no_pos,tiny-imagenet,32,40,8,10,4,10000,0.26144784688949585,0.7674926519393921,0.0,0.0,0.0,0.0,0.0,0.0
MetricToric/results/v9_tinyimagenet_farband_teacher_w3_10k_3seed_from_relative10k_s426/checkpoints/tiny-imagenet_reconstruction_mixed_toric_PJ_R0_top220_residual_dct_top32_seed426_holdoutR4_steps10000_h0_b0_cl20_tail0_g0_constant_s0_r0_contlocal_continuationr4w1f0lr1_v9bv0bd0fl0p1fm0p1fs0p01tv0p1li0fbt3r6_9.pt,farband_repair,mixed_toric_PJ_R0_top220_residual_dct_top32,426,best,table_clamp,tiny-imagenet,32,40,8,10,4,10000,0.877302885055542,0.12766963243484497,0.08821266889572144,2.3694565296173096,0.20213744044303894,2.3694565296173096,0.04846155270934105,0.40022990107536316
MetricToric/results/v9_tinyimagenet_farband_teacher_w3_10k_3seed_from_relative10k_s426/checkpoints/tiny-imagenet_reconstruction_mixed_toric_PJ_R0_top220_residual_dct_top32_seed426_holdoutR4_steps10000_h0_b0_cl20_tail0_g0_constant_s0_r0_contlocal_continuationr4w1f0lr1_v9bv0bd0fl0p1fm0p1fs0p01tv0p1li0fbt3r6_9.pt,farband_repair,mixed_toric_PJ_R0_top220_residual_dct_top32,426,best,radial_truncate_r4,tiny-imagenet,32,40,8,10,4,10000,0.8784805536270142,0.12646344304084778,0.07590915262699127,2.403400421142578,0.20603913068771362,2.403400421142578,0.0,0.0
MetricToric/results/v9_tinyimagenet_farband_teacher_w3_10k_3seed_from_relative10k_s426/checkpoints/tiny-imagenet_reconstruction_mixed_toric_PJ_R0_top220_residual_dct_top32_seed426_holdoutR4_steps10000_h0_b0_cl20_tail0_g0_constant_s0_r0_contlocal_continuationr4w1f0lr1_v9bv0bd0fl0p1fm0p1fs0p01tv0p1li0fbt3r6_9.pt,farband_repair,mixed_toric_PJ_R0_top220_residual_dct_top32,426,best,functional,tiny-imagenet,32,48,8,12,4,10000,0.8708020448684692,0.13728192448616028,0.08071780204772949,2.41648530960083,0.20911908149719238,2.41648530960083,0.0492171086370945,0.46113839745521545
MetricToric/results/v9_tinyimagenet_farband_teacher_w3_10k_3seed_from_relative10k_s426/checkpoints/tiny-imagenet_reconstruction_mixed_toric_PJ_R0_top220_residual_dct_top32_seed426_holdoutR4_steps10000_h0_b0_cl20_tail0_g0_constant_s0_r0_contlocal_continuationr4w1f0lr1_v9bv0bd0fl0p1fm0p1fs0p01tv0p1li0fbt3r6_9.pt,farband_repair,mixed_toric_PJ_R0_top220_residual_dct_top32,426,best,no_pos,tiny-imagenet,32,48,8,12,4,10000,0.2509288191795349,0.7947765588760376,0.0,0.0,0.0,0.0,0.0,0.0
MetricToric/results/v9_tinyimagenet_farband_teacher_w3_10k_3seed_from_relative10k_s426/checkpoints/tiny-imagenet_reconstruction_mixed_toric_PJ_R0_top220_residual_dct_top32_seed426_holdoutR4_steps10000_h0_b0_cl20_tail0_g0_constant_s0_r0_contlocal_continuationr4w1f0lr1_v9bv0bd0fl0p1fm0p1fs0p01tv0p1li0fbt3r6_9.pt,farband_repair,mixed_toric_PJ_R0_top220_residual_dct_top32,426,best,table_clamp,tiny-imagenet,32,48,8,12,4,10000,0.8729488253593445,0.13496285676956177,0.0802522674202919,2.369455337524414,0.20213742554187775,2.369455337524414,0.05369896814227104,0.40022990107536316
MetricToric/results/v9_tinyimagenet_farband_teacher_w3_10k_3seed_from_relative10k_s426/checkpoints/tiny-imagenet_reconstruction_mixed_toric_PJ_R0_top220_residual_dct_top32_seed426_holdoutR4_steps10000_h0_b0_cl20_tail0_g0_constant_s0_r0_contlocal_continuationr4w1f0lr1_v9bv0bd0fl0p1fm0p1fs0p01tv0p1li0fbt3r6_9.pt,farband_repair,mixed_toric_PJ_R0_top220_residual_dct_top32,426,best,radial_truncate_r4,tiny-imagenet,32,48,8,12,4,10000,0.8725184202194214,0.1354415863752365,0.06364493072032928,2.41648530960083,0.20911908149719238,2.41648530960083,0.0,0.0
MetricToric/results/v9_tinyimagenet_farband_teacher_w3_10k_3seed_from_relative10k_s426/checkpoints/tiny-imagenet_reconstruction_mixed_toric_PJ_R0_top220_residual_dct_top32_seed426_holdoutR4_steps10000_h0_b0_cl20_tail0_g0_constant_s0_r0_contlocal_continuationr4w1f0lr1_v9bv0bd0fl0p1fm0p1fs0p01tv0p1li0fbt3r6_9.pt,farband_repair,mixed_toric_PJ_R0_top220_residual_dct_top32,426,best,functional,tiny-imagenet,32,64,8,16,4,10000,0.7211644053459167,0.3315328359603882,0.10755124688148499,2.4251444339752197,0.21474267542362213,2.4251444339752197,0.10216257721185684,1.9857314825057983
MetricToric/results/v9_tinyimagenet_farband_teacher_w3_10k_3seed_from_relative10k_s426/checkpoints/tiny-imagenet_reconstruction_mixed_toric_PJ_R0_top220_residual_dct_top32_seed426_holdoutR4_steps10000_h0_b0_cl20_tail0_g0_constant_s0_r0_contlocal_continuationr4w1f0lr1_v9bv0bd0fl0p1fm0p1fs0p01tv0p1li0fbt3r6_9.pt,farband_repair,mixed_toric_PJ_R0_top220_residual_dct_top32,426,best,no_pos,tiny-imagenet,32,64,8,16,4,10000,0.22409868240356445,0.922173023223877,0.0,0.0,0.0,0.0,0.0,0.0
MetricToric/results/v9_tinyimagenet_farband_teacher_w3_10k_3seed_from_relative10k_s426/checkpoints/tiny-imagenet_reconstruction_mixed_toric_PJ_R0_top220_residual_dct_top32_seed426_holdoutR4_steps10000_h0_b0_cl20_tail0_g0_constant_s0_r0_contlocal_continuationr4w1f0lr1_v9bv0bd0fl0p1fm0p1fs0p01tv0p1li0fbt3r6_9.pt,farband_repair,mixed_toric_PJ_R0_top220_residual_dct_top32,426,best,table_clamp,tiny-imagenet,32,64,8,16,4,10000,0.7567019462585449,0.28935369849205017,0.07399444282054901,2.3694510459899902,0.20213741064071655,2.3694510459899902,0.06027870997786522,0.4002300798892975
MetricToric/results/v9_tinyimagenet_farband_teacher_w3_10k_3seed_from_relative10k_s426/checkpoints/tiny-imagenet_reconstruction_mixed_toric_PJ_R0_top220_residual_dct_top32_seed426_holdoutR4_steps10000_h0_b0_cl20_tail0_g0_constant_s0_r0_contlocal_continuationr4w1f0lr1_v9bv0bd0fl0p1fm0p1fs0p01tv0p1li0fbt3r6_9.pt,farband_repair,mixed_toric_PJ_R0_top220_residual_dct_top32,426,best,radial_truncate_r4,tiny-imagenet,32,64,8,16,4,10000,0.7588211297988892,0.2868488132953644,0.04849028214812279,2.4251444339752197,0.21474267542362213,2.4251444339752197,0.0,0.0
MetricToric/results/v9_tinyimagenet_farband_teacher_w3_10k_3seed_from_relative10k_s426/checkpoints/tiny-imagenet_reconstruction_mixed_toric_PJ_R0_top220_residual_dct_top32_seed526_holdoutR4_steps10000_h0_b0_cl20_tail0_g0_constant_s0_r0_contlocal_continuationr4w1f0lr1_v9bv0bd0fl0p1fm0p1fs0p01tv0p1li0fbt3r6_9.pt,farband_repair,mixed_toric_PJ_R0_top220_residual_dct_top32,526,best,functional,tiny-imagenet,32,32,8,8,4,10000,0.8566353917121887,0.14442217350006104,0.08509956300258636,1.8837051391601562,0.15650330483913422,1.8837051391601562,0.040189195424318314,0.3688398003578186
MetricToric/results/v9_tinyimagenet_farband_teacher_w3_10k_3seed_from_relative10k_s426/checkpoints/tiny-imagenet_reconstruction_mixed_toric_PJ_R0_top220_residual_dct_top32_seed526_holdoutR4_steps10000_h0_b0_cl20_tail0_g0_constant_s0_r0_contlocal_continuationr4w1f0lr1_v9bv0bd0fl0p1fm0p1fs0p01tv0p1li0fbt3r6_9.pt,farband_repair,mixed_toric_PJ_R0_top220_residual_dct_top32,526,best,no_pos,tiny-imagenet,32,32,8,8,4,10000,0.2613216042518616,0.7432769536972046,0.0,0.0,0.0,0.0,0.0,0.0
MetricToric/results/v9_tinyimagenet_farband_teacher_w3_10k_3seed_from_relative10k_s426/checkpoints/tiny-imagenet_reconstruction_mixed_toric_PJ_R0_top220_residual_dct_top32_seed526_holdoutR4_steps10000_h0_b0_cl20_tail0_g0_constant_s0_r0_contlocal_continuationr4w1f0lr1_v9bv0bd0fl0p1fm0p1fs0p01tv0p1li0fbt3r6_9.pt,farband_repair,mixed_toric_PJ_R0_top220_residual_dct_top32,526,best,table_clamp,tiny-imagenet,32,32,8,8,4,10000,0.8566264510154724,0.1444300264120102,0.08509957045316696,1.8837051391601562,0.15650330483913422,1.8837051391601562,0.040189195424318314,0.3688398003578186
MetricToric/results/v9_tinyimagenet_farband_teacher_w3_10k_3seed_from_relative10k_s426/checkpoints/tiny-imagenet_reconstruction_mixed_toric_PJ_R0_top220_residual_dct_top32_seed526_holdoutR4_steps10000_h0_b0_cl20_tail0_g0_constant_s0_r0_contlocal_continuationr4w1f0lr1_v9bv0bd0fl0p1fm0p1fs0p01tv0p1li0fbt3r6_9.pt,farband_repair,mixed_toric_PJ_R0_top220_residual_dct_top32,526,best,radial_truncate_r4,tiny-imagenet,32,32,8,8,4,10000,0.8680390119552612,0.13302427530288696,0.0730348750948906,1.8837051391601562,0.15650330483913422,1.8837051391601562,0.0,0.0
MetricToric/results/v9_tinyimagenet_farband_teacher_w3_10k_3seed_from_relative10k_s426/checkpoints/tiny-imagenet_reconstruction_mixed_toric_PJ_R0_top220_residual_dct_top32_seed526_holdoutR4_steps10000_h0_b0_cl20_tail0_g0_constant_s0_r0_contlocal_continuationr4w1f0lr1_v9bv0bd0fl0p1fm0p1fs0p01tv0p1li0fbt3r6_9.pt,farband_repair,mixed_toric_PJ_R0_top220_residual_dct_top32,526,best,functional,tiny-imagenet,32,40,8,10,4,10000,0.8560377955436707,0.14983417093753815,0.07574403285980225,1.8772886991500854,0.15938985347747803,1.8772886991500854,0.04773574322462082,0.39735084772109985
MetricToric/results/v9_tinyimagenet_farband_teacher_w3_10k_3seed_from_relative10k_s426/checkpoints/tiny-imagenet_reconstruction_mixed_toric_PJ_R0_top220_residual_dct_top32_seed526_holdoutR4_steps10000_h0_b0_cl20_tail0_g0_constant_s0_r0_contlocal_continuationr4w1f0lr1_v9bv0bd0fl0p1fm0p1fs0p01tv0p1li0fbt3r6_9.pt,farband_repair,mixed_toric_PJ_R0_top220_residual_dct_top32,526,best,no_pos,tiny-imagenet,32,40,8,10,4,10000,0.25266778469085693,0.7771153450012207,0.0,0.0,0.0,0.0,0.0,0.0
MetricToric/results/v9_tinyimagenet_farband_teacher_w3_10k_3seed_from_relative10k_s426/checkpoints/tiny-imagenet_reconstruction_mixed_toric_PJ_R0_top220_residual_dct_top32_seed526_holdoutR4_steps10000_h0_b0_cl20_tail0_g0_constant_s0_r0_contlocal_continuationr4w1f0lr1_v9bv0bd0fl0p1fm0p1fs0p01tv0p1li0fbt3r6_9.pt,farband_repair,mixed_toric_PJ_R0_top220_residual_dct_top32,526,best,table_clamp,tiny-imagenet,32,40,8,10,4,10000,0.855952262878418,0.14986953139305115,0.07419095188379288,1.8837032318115234,0.15650328993797302,1.8837032318115234,0.04760139063000679,0.3688398003578186
MetricToric/results/v9_tinyimagenet_farband_teacher_w3_10k_3seed_from_relative10k_s426/checkpoints/tiny-imagenet_reconstruction_mixed_toric_PJ_R0_top220_residual_dct_top32_seed526_holdoutR4_steps10000_h0_b0_cl20_tail0_g0_constant_s0_r0_contlocal_continuationr4w1f0lr1_v9bv0bd0fl0p1fm0p1fs0p01tv0p1li0fbt3r6_9.pt,farband_repair,mixed_toric_PJ_R0_top220_residual_dct_top32,526,best,radial_truncate_r4,tiny-imagenet,32,40,8,10,4,10000,0.865964412689209,0.1395498365163803,0.05872257798910141,1.8772886991500854,0.15938985347747803,1.8772886991500854,0.0,0.0
MetricToric/results/v9_tinyimagenet_farband_teacher_w3_10k_3seed_from_relative10k_s426/checkpoints/tiny-imagenet_reconstruction_mixed_toric_PJ_R0_top220_residual_dct_top32_seed526_holdoutR4_steps10000_h0_b0_cl20_tail0_g0_constant_s0_r0_contlocal_continuationr4w1f0lr1_v9bv0bd0fl0p1fm0p1fs0p01tv0p1li0fbt3r6_9.pt,farband_repair,mixed_toric_PJ_R0_top220_residual_dct_top32,526,best,functional,tiny-imagenet,32,48,8,12,4,10000,0.8480076789855957,0.16137605905532837,0.06931710988283157,1.865296483039856,0.1609397530555725,1.865296483039856,0.048899054527282715,0.435387521982193
MetricToric/results/v9_tinyimagenet_farband_teacher_w3_10k_3seed_from_relative10k_s426/checkpoints/tiny-imagenet_reconstruction_mixed_toric_PJ_R0_top220_residual_dct_top32_seed526_holdoutR4_steps10000_h0_b0_cl20_tail0_g0_constant_s0_r0_contlocal_continuationr4w1f0lr1_v9bv0bd0fl0p1fm0p1fs0p01tv0p1li0fbt3r6_9.pt,farband_repair,mixed_toric_PJ_R0_top220_residual_dct_top32,526,best,no_pos,tiny-imagenet,32,48,8,12,4,10000,0.2504345774650574,0.794890284538269,0.0,0.0,0.0,0.0,0.0,0.0
MetricToric/results/v9_tinyimagenet_farband_teacher_w3_10k_3seed_from_relative10k_s426/checkpoints/tiny-imagenet_reconstruction_mixed_toric_PJ_R0_top220_residual_dct_top32_seed526_holdoutR4_steps10000_h0_b0_cl20_tail0_g0_constant_s0_r0_contlocal_continuationr4w1f0lr1_v9bv0bd0fl0p1fm0p1fs0p01tv0p1li0fbt3r6_9.pt,farband_repair,mixed_toric_PJ_R0_top220_residual_dct_top32,526,best,table_clamp,tiny-imagenet,32,48,8,12,4,10000,0.8457903265953064,0.1636345088481903,0.06926334649324417,1.8837014436721802,0.15650327503681183,1.8837014436721802,0.052091728895902634,0.36883988976478577
MetricToric/results/v9_tinyimagenet_farband_teacher_w3_10k_3seed_from_relative10k_s426/checkpoints/tiny-imagenet_reconstruction_mixed_toric_PJ_R0_top220_residual_dct_top32_seed526_holdoutR4_steps10000_h0_b0_cl20_tail0_g0_constant_s0_r0_contlocal_continuationr4w1f0lr1_v9bv0bd0fl0p1fm0p1fs0p01tv0p1li0fbt3r6_9.pt,farband_repair,mixed_toric_PJ_R0_top220_residual_dct_top32,526,best,radial_truncate_r4,tiny-imagenet,32,48,8,12,4,10000,0.8582388758659363,0.15049195289611816,0.04898166283965111,1.865296483039856,0.1609397530555725,1.865296483039856,0.0,0.0
MetricToric/results/v9_tinyimagenet_farband_teacher_w3_10k_3seed_from_relative10k_s426/checkpoints/tiny-imagenet_reconstruction_mixed_toric_PJ_R0_top220_residual_dct_top32_seed526_holdoutR4_steps10000_h0_b0_cl20_tail0_g0_constant_s0_r0_contlocal_continuationr4w1f0lr1_v9bv0bd0fl0p1fm0p1fs0p01tv0p1li0fbt3r6_9.pt,farband_repair,mixed_toric_PJ_R0_top220_residual_dct_top32,526,best,functional,tiny-imagenet,32,64,8,16,4,10000,0.6941879987716675,0.3637709319591522,0.0872650146484375,1.8467777967453003,0.16372080147266388,1.8467777967453003,0.08327285200357437,1.5768808126449585
MetricToric/results/v9_tinyimagenet_farband_teacher_w3_10k_3seed_from_relative10k_s426/checkpoints/tiny-imagenet_reconstruction_mixed_toric_PJ_R0_top220_residual_dct_top32_seed526_holdoutR4_steps10000_h0_b0_cl20_tail0_g0_constant_s0_r0_contlocal_continuationr4w1f0lr1_v9bv0bd0fl0p1fm0p1fs0p01tv0p1li0fbt3r6_9.pt,farband_repair,mixed_toric_PJ_R0_top220_residual_dct_top32,526,best,no_pos,tiny-imagenet,32,64,8,16,4,10000,0.22258663177490234,0.9245922565460205,0.0,0.0,0.0,0.0,0.0,0.0
MetricToric/results/v9_tinyimagenet_farband_teacher_w3_10k_3seed_from_relative10k_s426/checkpoints/tiny-imagenet_reconstruction_mixed_toric_PJ_R0_top220_residual_dct_top32_seed526_holdoutR4_steps10000_h0_b0_cl20_tail0_g0_constant_s0_r0_contlocal_continuationr4w1f0lr1_v9bv0bd0fl0p1fm0p1fs0p01tv0p1li0fbt3r6_9.pt,farband_repair,mixed_toric_PJ_R0_top220_residual_dct_top32,526,best,table_clamp,tiny-imagenet,32,64,8,16,4,10000,0.6996140480041504,0.35738256573677063,0.06625775992870331,1.883699655532837,0.15650327503681183,1.883699655532837,0.05779396742582321,0.36883997917175293
MetricToric/results/v9_tinyimagenet_farband_teacher_w3_10k_3seed_from_relative10k_s426/checkpoints/tiny-imagenet_reconstruction_mixed_toric_PJ_R0_top220_residual_dct_top32_seed526_holdoutR4_steps10000_h0_b0_cl20_tail0_g0_constant_s0_r0_contlocal_continuationr4w1f0lr1_v9bv0bd0fl0p1fm0p1fs0p01tv0p1li0fbt3r6_9.pt,farband_repair,mixed_toric_PJ_R0_top220_residual_dct_top32,526,best,radial_truncate_r4,tiny-imagenet,32,64,8,16,4,10000,0.73345947265625,0.31718865036964417,0.03696921467781067,1.8467777967453003,0.16372080147266388,1.8467777967453003,0.0,0.0
MetricToric/results/v9_tinyimagenet_farband_teacher_w3_10k_3seed_from_relative10k_s426/checkpoints/tiny-imagenet_reconstruction_mixed_toric_PJ_R0_top220_residual_dct_top32_seed626_holdoutR4_steps10000_h0_b0_cl20_tail0_g0_constant_s0_r0_contlocal_continuationr4w1f0lr1_v9bv0bd0fl0p1fm0p1fs0p01tv0p1li0fbt3r6_9.pt,farband_repair,mixed_toric_PJ_R0_top220_residual_dct_top32,626,best,functional,tiny-imagenet,32,32,8,8,4,10000,0.8705580234527588,0.129901722073555,0.10391910374164581,2.00445556640625,0.20132456719875336,2.00445556640625,0.039962004870176315,0.3767983317375183
MetricToric/results/v9_tinyimagenet_farband_teacher_w3_10k_3seed_from_relative10k_s426/checkpoints/tiny-imagenet_reconstruction_mixed_toric_PJ_R0_top220_residual_dct_top32_seed626_holdoutR4_steps10000_h0_b0_cl20_tail0_g0_constant_s0_r0_contlocal_continuationr4w1f0lr1_v9bv0bd0fl0p1fm0p1fs0p01tv0p1li0fbt3r6_9.pt,farband_repair,mixed_toric_PJ_R0_top220_residual_dct_top32,626,best,no_pos,tiny-imagenet,32,32,8,8,4,10000,0.28111743927001953,0.7203871607780457,0.0,0.0,0.0,0.0,0.0,0.0
MetricToric/results/v9_tinyimagenet_farband_teacher_w3_10k_3seed_from_relative10k_s426/checkpoints/tiny-imagenet_reconstruction_mixed_toric_PJ_R0_top220_residual_dct_top32_seed626_holdoutR4_steps10000_h0_b0_cl20_tail0_g0_constant_s0_r0_contlocal_continuationr4w1f0lr1_v9bv0bd0fl0p1fm0p1fs0p01tv0p1li0fbt3r6_9.pt,farband_repair,mixed_toric_PJ_R0_top220_residual_dct_top32,626,best,table_clamp,tiny-imagenet,32,32,8,8,4,10000,0.8705481886863708,0.129910409450531,0.10391910374164581,2.00445556640625,0.20132456719875336,2.00445556640625,0.039962004870176315,0.3767983317375183
MetricToric/results/v9_tinyimagenet_farband_teacher_w3_10k_3seed_from_relative10k_s426/checkpoints/tiny-imagenet_reconstruction_mixed_toric_PJ_R0_top220_residual_dct_top32_seed626_holdoutR4_steps10000_h0_b0_cl20_tail0_g0_constant_s0_r0_contlocal_continuationr4w1f0lr1_v9bv0bd0fl0p1fm0p1fs0p01tv0p1li0fbt3r6_9.pt,farband_repair,mixed_toric_PJ_R0_top220_residual_dct_top32,626,best,radial_truncate_r4,tiny-imagenet,32,32,8,8,4,10000,0.8733643889427185,0.12711846828460693,0.09395146369934082,2.00445556640625,0.20132456719875336,2.00445556640625,0.0,0.0
MetricToric/results/v9_tinyimagenet_farband_teacher_w3_10k_3seed_from_relative10k_s426/checkpoints/tiny-imagenet_reconstruction_mixed_toric_PJ_R0_top220_residual_dct_top32_seed626_holdoutR4_steps10000_h0_b0_cl20_tail0_g0_constant_s0_r0_contlocal_continuationr4w1f0lr1_v9bv0bd0fl0p1fm0p1fs0p01tv0p1li0fbt3r6_9.pt,farband_repair,mixed_toric_PJ_R0_top220_residual_dct_top32,626,best,functional,tiny-imagenet,32,40,8,10,4,10000,0.8736902475357056,0.13165785372257233,0.0905211940407753,2.0236411094665527,0.20554718375205994,2.0236411094665527,0.04887335002422333,0.37564608454704285
MetricToric/results/v9_tinyimagenet_farband_teacher_w3_10k_3seed_from_relative10k_s426/checkpoints/tiny-imagenet_reconstruction_mixed_toric_PJ_R0_top220_residual_dct_top32_seed626_holdoutR4_steps10000_h0_b0_cl20_tail0_g0_constant_s0_r0_contlocal_continuationr4w1f0lr1_v9bv0bd0fl0p1fm0p1fs0p01tv0p1li0fbt3r6_9.pt,farband_repair,mixed_toric_PJ_R0_top220_residual_dct_top32,626,best,no_pos,tiny-imagenet,32,40,8,10,4,10000,0.27375197410583496,0.7559516429901123,0.0,0.0,0.0,0.0,0.0,0.0
MetricToric/results/v9_tinyimagenet_farband_teacher_w3_10k_3seed_from_relative10k_s426/checkpoints/tiny-imagenet_reconstruction_mixed_toric_PJ_R0_top220_residual_dct_top32_seed626_holdoutR4_steps10000_h0_b0_cl20_tail0_g0_constant_s0_r0_contlocal_continuationr4w1f0lr1_v9bv0bd0fl0p1fm0p1fs0p01tv0p1li0fbt3r6_9.pt,farband_repair,mixed_toric_PJ_R0_top220_residual_dct_top32,626,best,table_clamp,tiny-imagenet,32,40,8,10,4,10000,0.8745816349983215,0.13067665696144104,0.08816634118556976,2.00445556640625,0.20132459700107574,2.00445556640625,0.048453234136104584,0.3767983615398407
MetricToric/results/v9_tinyimagenet_farband_teacher_w3_10k_3seed_from_relative10k_s426/checkpoints/tiny-imagenet_reconstruction_mixed_toric_PJ_R0_top220_residual_dct_top32_seed626_holdoutR4_steps10000_h0_b0_cl20_tail0_g0_constant_s0_r0_contlocal_continuationr4w1f0lr1_v9bv0bd0fl0p1fm0p1fs0p01tv0p1li0fbt3r6_9.pt,farband_repair,mixed_toric_PJ_R0_top220_residual_dct_top32,626,best,radial_truncate_r4,tiny-imagenet,32,40,8,10,4,10000,0.876021146774292,0.1292240172624588,0.0757279098033905,2.0236411094665527,0.20554718375205994,2.0236411094665527,0.0,0.0
MetricToric/results/v9_tinyimagenet_farband_teacher_w3_10k_3seed_from_relative10k_s426/checkpoints/tiny-imagenet_reconstruction_mixed_toric_PJ_R0_top220_residual_dct_top32_seed626_holdoutR4_steps10000_h0_b0_cl20_tail0_g0_constant_s0_r0_contlocal_continuationr4w1f0lr1_v9bv0bd0fl0p1fm0p1fs0p01tv0p1li0fbt3r6_9.pt,farband_repair,mixed_toric_PJ_R0_top220_residual_dct_top32,626,best,functional,tiny-imagenet,32,48,8,12,4,10000,0.8690451383590698,0.13919402658939362,0.08146313577890396,2.02679443359375,0.20897997915744781,2.02679443359375,0.05033016949892044,0.4520924985408783
MetricToric/results/v9_tinyimagenet_farband_teacher_w3_10k_3seed_from_relative10k_s426/checkpoints/tiny-imagenet_reconstruction_mixed_toric_PJ_R0_top220_residual_dct_top32_seed626_holdoutR4_steps10000_h0_b0_cl20_tail0_g0_constant_s0_r0_contlocal_continuationr4w1f0lr1_v9bv0bd0fl0p1fm0p1fs0p01tv0p1li0fbt3r6_9.pt,farband_repair,mixed_toric_PJ_R0_top220_residual_dct_top32,626,best,no_pos,tiny-imagenet,32,48,8,12,4,10000,0.26828354597091675,0.7763808965682983,0.0,0.0,0.0,0.0,0.0,0.0
MetricToric/results/v9_tinyimagenet_farband_teacher_w3_10k_3seed_from_relative10k_s426/checkpoints/tiny-imagenet_reconstruction_mixed_toric_PJ_R0_top220_residual_dct_top32_seed626_holdoutR4_steps10000_h0_b0_cl20_tail0_g0_constant_s0_r0_contlocal_continuationr4w1f0lr1_v9bv0bd0fl0p1fm0p1fs0p01tv0p1li0fbt3r6_9.pt,farband_repair,mixed_toric_PJ_R0_top220_residual_dct_top32,626,best,table_clamp,tiny-imagenet,32,48,8,12,4,10000,0.8710386157035828,0.13707642257213593,0.08015955239534378,2.00445556640625,0.20132458209991455,2.00445556640625,0.05357413366436958,0.3767983615398407
MetricToric/results/v9_tinyimagenet_farband_teacher_w3_10k_3seed_from_relative10k_s426/checkpoints/tiny-imagenet_reconstruction_mixed_toric_PJ_R0_top220_residual_dct_top32_seed626_holdoutR4_steps10000_h0_b0_cl20_tail0_g0_constant_s0_r0_contlocal_continuationr4w1f0lr1_v9bv0bd0fl0p1fm0p1fs0p01tv0p1li0fbt3r6_9.pt,farband_repair,mixed_toric_PJ_R0_top220_residual_dct_top32,626,best,radial_truncate_r4,tiny-imagenet,32,48,8,12,4,10000,0.870984673500061,0.13713790476322174,0.06360260397195816,2.02679443359375,0.20897997915744781,2.02679443359375,0.0,0.0
MetricToric/results/v9_tinyimagenet_farband_teacher_w3_10k_3seed_from_relative10k_s426/checkpoints/tiny-imagenet_reconstruction_mixed_toric_PJ_R0_top220_residual_dct_top32_seed626_holdoutR4_steps10000_h0_b0_cl20_tail0_g0_constant_s0_r0_contlocal_continuationr4w1f0lr1_v9bv0bd0fl0p1fm0p1fs0p01tv0p1li0fbt3r6_9.pt,farband_repair,mixed_toric_PJ_R0_top220_residual_dct_top32,626,best,functional,tiny-imagenet,32,64,8,16,4,10000,0.7234655022621155,0.3288710117340088,0.10763432085514069,2.028381586074829,0.214385986328125,2.028381586074829,0.10219331830739975,1.67788827419281
MetricToric/results/v9_tinyimagenet_farband_teacher_w3_10k_3seed_from_relative10k_s426/checkpoints/tiny-imagenet_reconstruction_mixed_toric_PJ_R0_top220_residual_dct_top32_seed626_holdoutR4_steps10000_h0_b0_cl20_tail0_g0_constant_s0_r0_contlocal_continuationr4w1f0lr1_v9bv0bd0fl0p1fm0p1fs0p01tv0p1li0fbt3r6_9.pt,farband_repair,mixed_toric_PJ_R0_top220_residual_dct_top32,626,best,no_pos,tiny-imagenet,32,64,8,16,4,10000,0.2430364489555359,0.9000130295753479,0.0,0.0,0.0,0.0,0.0,0.0
MetricToric/results/v9_tinyimagenet_farband_teacher_w3_10k_3seed_from_relative10k_s426/checkpoints/tiny-imagenet_reconstruction_mixed_toric_PJ_R0_top220_residual_dct_top32_seed626_holdoutR4_steps10000_h0_b0_cl20_tail0_g0_constant_s0_r0_contlocal_continuationr4w1f0lr1_v9bv0bd0fl0p1fm0p1fs0p01tv0p1li0fbt3r6_9.pt,farband_repair,mixed_toric_PJ_R0_top220_residual_dct_top32,626,best,table_clamp,tiny-imagenet,32,64,8,16,4,10000,0.755644679069519,0.2906661629676819,0.07380584627389908,2.00445556640625,0.20132464170455933,2.00445556640625,0.060032933950424194,0.376798540353775
MetricToric/results/v9_tinyimagenet_farband_teacher_w3_10k_3seed_from_relative10k_s426/checkpoints/tiny-imagenet_reconstruction_mixed_toric_PJ_R0_top220_residual_dct_top32_seed626_holdoutR4_steps10000_h0_b0_cl20_tail0_g0_constant_s0_r0_contlocal_continuationr4w1f0lr1_v9bv0bd0fl0p1fm0p1fs0p01tv0p1li0fbt3r6_9.pt,farband_repair,mixed_toric_PJ_R0_top220_residual_dct_top32,626,best,radial_truncate_r4,tiny-imagenet,32,64,8,16,4,10000,0.7591124773025513,0.28655773401260376,0.04840974137187004,2.028381586074829,0.214385986328125,2.028381586074829,0.0,0.0
